 ,f_min.final_model.000.00.det_cont.csv,f_min.final_model.000.01.det_cont.csv,f_min.final_model.000.02.det_cont.csv,f_min.final_model.000.03.det_cont.csv,f_min.final_model.000.04.det_cont.csv,f_min.final_model.000.05.det_cont.csv,f_min.final_model.000.06.det_cont.csv,f_min.final_model.000.07.det_cont.csv,f_min.final_model.000.08.det_cont.csv,f_min.final_model.000.09.det_cont.csv,f_min.final_model.000.10.det_cont.csv,f_min.final_model.000.11.det_cont.csv,f_min.final_model.000.12.det_cont.csv,f_min.final_model.000.13.det_cont.csv,f_min.final_model.000.14.det_cont.csv,f_min.final_model.000.15.det_cont.csv,f_min.final_model.000.16.det_cont.csv,f_min.final_model.000.17.det_cont.csv,f_min.final_model.000.18.det_cont.csv,f_min.final_model.000.19.det_cont.csv,f_min.final_model.000.20.det_cont.csv,f_min.final_model.000.21.det_cont.csv,f_min.final_model.000.22.det_cont.csv,f_min.final_model.000.23.det_cont.csv,f_min.final_model.000.24.det_cont.csv,f_min.final_model.000.25.det_cont.csv,f_min.final_model.000.26.det_cont.csv,f_min.final_model.000.27.det_cont.csv,f_min.final_model.000.28.det_cont.csv,f_min.final_model.000.29.det_cont.csv
f_min.final_model.000.00.det_cont.csv,0.424,0.381,0.491,0.149,0.286,0.712,0.209,0.532,0.114,0.421,0.458,0.349,0.299,0.238,0.194,0.177,0.295,0.348,0.348,0.377,0.239,0.217,0.609,0.025,0.235,0.135,0.305,0.492,0.167,0.107
f_min.final_model.000.01.det_cont.csv,0.814,0.653,0.134,0.224,0.154,0.439,0.389,0.459,0.125,0.119,0.111,0.113,0.095,0.143,0.104,0.288,0.067,0.239,0.886,0.472,0.464,0.472,0.386,0.100,0.099,0.114,0.145,0.281,0.345,0.149
f_min.final_model.000.02.det_cont.csv,0.653,0.953,0.145,0.345,0.238,0.420,0.592,0.415,0.172,0.164,0.153,0.188,0.120,0.071,0.185,0.458,0.126,0.365,0.654,0.653,0.371,0.306,0.370,0.053,0.038,0.052,0.156,0.393,0.446,0.053
f_min.final_model.000.03.det_cont.csv,0.190,0.309,0.081,0.938,0.500,0.089,0.500,0.096,0.465,0.200,0.203,0.346,0.059,0.000,0.512,0.611,0.265,0.321,0.213,0.438,0.058,0.062,0.073,0.000,0.000,0.000,0.265,0.237,0.500,0.000
f_min.final_model.000.04.det_cont.csv,0.152,0.254,0.254,0.500,0.921,0.240,0.281,0.192,0.373,0.460,0.472,0.571,0.197,0.061,0.565,0.354,0.431,0.473,0.157,0.310,0.026,0.027,0.218,0.000,0.101,0.013,0.500,0.481,0.267,0.000
f_min.final_model.000.05.det_cont.csv,0.340,0.510,0.131,0.455,0.236,0.205,0.838,0.262,0.250,0.153,0.141,0.241,0.121,0.000,0.288,0.622,0.143,0.382,0.382,0.614,0.172,0.109,0.200,0.014,0.000,0.000,0.164,0.389,0.732,0.000
f_min.final_model.000.06.det_cont.csv,0.387,0.348,0.500,0.068,0.169,0.717,0.186,0.764,0.067,0.361,0.397,0.243,0.391,0.311,0.093,0.119,0.184,0.400,0.379,0.323,0.268,0.211,0.694,0.024,0.344,0.178,0.197,0.385,0.147,0.133
f_min.final_model.000.07.det_cont.csv,0.129,0.188,0.242,0.333,0.551,0.215,0.246,0.154,0.622,0.434,0.446,0.667,0.171,0.043,0.562,0.283,0.655,0.292,0.120,0.234,0.000,0.000,0.181,0.000,0.082,0.013,0.532,0.339,0.254,0.000
f_min.final_model.000.08.det_cont.csv,0.152,0.162,0.805,0.045,0.237,0.431,0.141,0.359,0.061,0.521,0.592,0.351,0.549,0.186,0.161,0.121,0.274,0.473,0.125,0.169,0.067,0.027,0.532,0.000,0.310,0.152,0.302,0.481,0.086,0.056
f_min.final_model.000.09.det_cont.csv,0.123,0.152,0.449,0.179,0.458,0.324,0.148,0.254,0.241,0.892,0.829,0.609,0.357,0.098,0.353,0.148,0.429,0.368,0.083,0.159,0.027,0.014,0.353,0.000,0.159,0.043,0.610,0.453,0.106,0.000
f_min.final_model.000.10.det_cont.csv,0.164,0.213,0.131,0.422,0.417,0.114,0.308,0.108,0.857,0.259,0.259,0.500,0.088,0.000,0.558,0.364,0.492,0.226,0.152,0.268,0.000,0.000,0.084,0.014,0.014,0.000,0.391,0.210,0.315,0.000
f_min.final_model.000.11.det_cont.csv,0.103,0.068,0.490,0.015,0.161,0.333,0.029,0.323,0.030,0.309,0.351,0.246,0.500,0.500,0.076,0.016,0.179,0.290,0.081,0.119,0.053,0.056,0.403,0.042,0.630,0.339,0.133,0.274,0.014,0.276
f_min.final_model.000.12.det_cont.csv,0.113,0.123,0.481,0.043,0.169,0.297,0.118,0.324,0.058,0.382,0.446,0.270,1.000,0.352,0.103,0.115,0.200,0.474,0.091,0.129,0.037,0.013,0.400,0.068,0.491,0.295,0.220,0.361,0.097,0.238
f_min.final_model.000.13.det_cont.csv,0.409,0.371,0.422,0.036,0.111,0.667,0.154,0.651,0.012,0.268,0.301,0.175,0.391,0.299,0.035,0.093,0.134,0.361,0.380,0.257,0.329,0.274,0.750,0.057,0.348,0.208,0.117,0.347,0.107,0.179
f_min.final_model.000.14.det_cont.csv,0.134,0.162,0.542,0.169,0.431,0.388,0.159,0.279,0.186,0.872,0.950,0.540,0.463,0.148,0.309,0.161,0.409,0.473,0.095,0.169,0.039,0.013,0.439,0.000,0.226,0.086,0.533,0.538,0.118,0.014
f_min.final_model.000.15.det_cont.csv,0.250,0.447,0.145,0.526,0.348,0.171,0.632,0.188,0.283,0.216,0.196,0.294,0.133,0.017,0.326,0.862,0.206,0.429,0.296,0.585,0.078,0.048,0.151,0.000,0.016,0.000,0.234,0.408,0.548,0.000
f_min.final_model.000.16.det_cont.csv,0.117,0.186,0.121,0.579,0.524,0.105,0.333,0.083,0.564,0.255,0.255,0.511,0.061,0.000,0.703,0.400,0.377,0.220,0.125,0.288,0.000,0.000,0.075,0.000,0.031,0.000,0.364,0.224,0.340,0.000
f_min.final_model.000.17.det_cont.csv,0.015,0.014,0.047,0.000,0.000,0.012,0.000,0.013,0.000,0.015,0.014,0.000,0.108,0.189,0.000,0.000,0.049,0.014,0.042,0.000,0.123,0.131,0.023,0.333,0.190,0.353,0.000,0.000,0.000,0.333
f_min.final_model.000.18.det_cont.csv,0.100,0.152,0.229,0.306,0.545,0.180,0.197,0.125,0.608,0.417,0.429,0.589,0.167,0.038,0.556,0.222,0.750,0.292,0.094,0.189,0.000,0.000,0.176,0.048,0.086,0.035,0.500,0.296,0.205,0.000
f_min.final_model.000.19.det_cont.csv,0.436,0.367,0.055,0.075,0.013,0.297,0.169,0.286,0.000,0.027,0.025,0.000,0.025,0.141,0.000,0.079,0.000,0.077,0.500,0.197,0.844,0.837,0.289,0.300,0.097,0.129,0.029,0.107,0.162,0.238
f_min.final_model.000.20.det_cont.csv,0.474,0.611,0.262,0.328,0.286,0.443,0.446,0.557,0.219,0.209,0.211,0.269,0.208,0.200,0.212,0.431,0.148,0.459,0.508,0.714,0.239,0.200,0.355,0.012,0.167,0.105,0.185,0.419,0.377,0.122
f_min.final_model.000.21.det_cont.csv,0.246,0.355,0.411,0.276,0.368,0.361,0.393,0.373,0.172,0.418,0.482,0.414,0.500,0.154,0.222,0.373,0.256,0.870,0.246,0.397,0.090,0.066,0.449,0.000,0.246,0.095,0.254,0.700,0.328,0.039
f_min.final_model.000.22.det_cont.csv,0.295,0.390,0.375,0.241,0.407,0.455,0.434,0.364,0.141,0.490,0.500,0.429,0.344,0.106,0.230,0.360,0.280,0.615,0.292,0.386,0.137,0.082,0.485,0.000,0.162,0.026,0.333,0.930,0.295,0.000
f_min.final_model.000.23.det_cont.csv,0.111,0.074,0.062,0.000,0.000,0.130,0.000,0.157,0.000,0.000,0.000,0.000,0.197,0.524,0.000,0.000,0.000,0.014,0.154,0.061,0.276,0.321,0.113,0.278,0.429,0.458,0.000,0.000,0.000,0.683
f_min.final_model.000.24.det_cont.csv,0.074,0.041,0.203,0.000,0.014,0.125,0.000,0.120,0.000,0.045,0.087,0.014,0.310,0.523,0.015,0.000,0.047,0.083,0.099,0.058,0.116,0.141,0.165,0.161,0.553,0.921,0.031,0.041,0.000,0.500
f_min.final_model.000.25.det_cont.csv,0.538,0.383,0.099,0.074,0.013,0.347,0.185,0.338,0.000,0.055,0.051,0.013,0.051,0.156,0.000,0.078,0.000,0.090,0.545,0.250,0.826,0.778,0.320,0.274,0.111,0.127,0.043,0.120,0.176,0.274
f_min.final_model.000.26.det_cont.csv,0.072,0.108,0.279,0.224,0.433,0.233,0.147,0.149,0.482,0.410,0.468,0.579,0.227,0.107,0.466,0.164,0.828,0.288,0.068,0.141,0.000,0.000,0.227,0.060,0.141,0.035,0.414,0.329,0.156,0.011
f_min.final_model.000.27.det_cont.csv,0.783,0.667,0.111,0.230,0.145,0.456,0.411,0.453,0.118,0.113,0.105,0.107,0.090,0.134,0.099,0.315,0.065,0.261,0.891,0.464,0.483,0.491,0.384,0.125,0.093,0.108,0.136,0.303,0.367,0.141
f_min.final_model.000.28.det_cont.csv,0.069,0.111,0.271,0.321,0.510,0.160,0.194,0.100,0.392,0.423,0.463,0.560,0.176,0.076,0.622,0.222,0.446,0.281,0.065,0.149,0.000,0.000,0.200,0.000,0.149,0.085,0.489,0.306,0.203,0.027
f_min.final_model.000.29.det_cont.csv,0.101,0.053,0.000,0.000,0.000,0.057,0.014,0.036,0.029,0.000,0.000,0.000,0.068,0.148,0.000,0.000,0.081,0.000,0.110,0.013,0.311,0.310,0.056,0.875,0.134,0.169,0.000,0.000,0.041,0.316
