Ag res number, Ag res name, Atom name 1, Rb res number, Rb res name, Atom name 2, Distance(Angstroms)
22,
22,R,CZ,85,N,ND2,5.23113505847
22,R,NH1,85,N,CG,5.7486621922
22,R,NH1,85,N,ND2,4.72496666655
22,R,NH1,85,N,HD21,4.35791211476
22,R,NH1,85,N,HD22,4.63528618318
22,R,HH11,85,N,ND2,5.35320651572
22,R,HH11,85,N,HD21,4.84420375294
22,R,HH11,85,N,HD22,5.30990866211
22,R,HH12,85,N,CB,5.33087459991
22,R,HH12,85,N,CG,4.87812556214
22,R,HH12,85,N,OD1,5.68424260566
22,R,HH12,85,N,ND2,3.95263532343
22,R,HH12,85,N,HD21,3.55750502459
22,R,HH12,85,N,HD22,4.0214751025
22,R,NH2,85,N,CG,5.72259635131
22,R,NH2,85,N,ND2,4.91627928417
22,R,NH2,85,N,HD21,5.00774160675
22,R,NH2,85,N,HD22,4.54027708406
22,R,HH21,85,N,CB,5.70275950747
22,R,HH21,85,N,CG,4.84447571983
22,R,HH21,85,N,OD1,5.16863540985
22,R,HH21,85,N,ND2,4.17799114408
22,R,HH21,85,N,HD21,4.33036187864
22,R,HH21,85,N,HD22,3.90860307527
22,R,HH22,85,N,ND2,5.65151784922
22,R,HH22,85,N,HD21,5.85905640867
22,R,HH22,85,N,HD22,5.16050598294
23,
23,K,O,84,N,HD21,5.19204063929
26,
26,C,CA,84,N,HD21,5.64185448235
26,C,C,84,N,CB,5.68857293176
26,C,C,84,N,CG,5.53316934496
26,C,C,84,N,ND2,4.72219800517
26,C,C,84,N,HD21,4.16949697206
26,C,C,84,N,HD22,4.94377760422
26,C,C,85,N,ND2,5.67696758842
26,C,C,85,N,HD21,5.7017759514
26,C,C,85,N,HD22,5.02943147881
26,C,O,84,N,CB,5.00209176245
26,C,O,84,N,CG,4.79778896993
26,C,O,84,N,OD1,5.57445369521
26,C,O,84,N,ND2,4.17995526292
26,C,O,84,N,HD21,3.81825418221
26,C,O,84,N,HD22,4.41957113304
26,C,O,85,N,ND2,5.09641099206
26,C,O,85,N,HD21,5.28799101739
26,C,O,85,N,HD22,4.40737711116
26,C,CB,85,N,ND2,5.23364853616
26,C,CB,85,N,HD21,5.22285946585
26,C,CB,85,N,HD22,4.53024690276
26,C,SG,85,N,HD22,5.62123865354
27,
27,N,N,84,N,CB,5.65116749
27,N,HN,84,N,ND2,5.1864276723
27,N,HN,84,N,HD21,4.45349963512
27,N,HN,84,N,HD22,5.33553024544
27,N,CA,82,I,CG2,5.66598764559
27,N,CA,84,N,CB,4.77128504703
27,N,CA,84,N,CG,4.30507235712
27,N,CA,84,N,OD1,5.26698253272
27,N,CA,84,N,ND2,3.13459997448
27,N,CA,84,N,HD21,2.49507314522
27,N,CA,84,N,HD22,3.23029812866
27,N,CA,102,Y,HH,5.80696960557
27,N,CA,104,A,CB,5.97429376579
27,N,CB,82,I,CG2,4.7447945161
27,N,CB,84,N,CB,4.98031384553
27,N,CB,84,N,CG,4.68706592657
27,N,CB,84,N,OD1,5.74654487497
27,N,CB,84,N,ND2,3.52301887591
27,N,CB,84,N,HD21,2.71133343578
27,N,CB,84,N,HD22,3.73071588304
27,N,CB,104,A,CB,5.98012282483
27,N,CG,82,I,CB,5.53009629211
27,N,CG,82,I,CG2,4.0556027912
27,N,CG,82,I,CD1,5.89658282398
27,N,CG,84,N,N,5.70159214606
27,N,CG,84,N,HN,5.08258339823
27,N,CG,84,N,CA,5.44927352956
27,N,CG,84,N,CB,4.1109039152
27,N,CG,84,N,CG,4.23249784406
27,N,CG,84,N,OD1,5.40873987173
27,N,CG,84,N,ND2,3.37284642402
27,N,CG,84,N,HD21,2.42714770873
27,N,CG,84,N,HD22,3.92956664277
27,N,CG,84,N,C,5.95275289257
27,N,CG,84,N,O,5.71247844635
27,N,CG,85,N,HD21,5.60453655533
27,N,OD1,82,I,CG2,4.64859699264
27,N,OD1,84,N,N,5.250674909
27,N,OD1,84,N,HN,4.79072958953
27,N,OD1,84,N,CA,4.74955597925
27,N,OD1,84,N,CB,3.40904048084
27,N,OD1,84,N,CG,3.85566258897
27,N,OD1,84,N,OD1,5.07947329947
27,N,OD1,84,N,ND2,3.27023256054
27,N,OD1,84,N,HD21,2.31937276004
27,N,OD1,84,N,HD22,4.02906366294
27,N,OD1,84,N,C,5.05359129729
27,N,OD1,84,N,O,4.83397579638
27,N,OD1,85,N,CG,5.86731156493
27,N,OD1,85,N,ND2,4.89115017148
27,N,OD1,85,N,HD21,4.38443998705
27,N,OD1,85,N,HD22,4.93191423283
27,N,ND2,82,I,CA,5.79396013103
27,N,ND2,82,I,CB,4.65100043002
27,N,ND2,82,I,CG1,5.2081200063
27,N,ND2,82,I,CG2,3.29850238745
27,N,ND2,82,I,CD1,4.88455330609
27,N,ND2,82,I,C,5.92926150545
27,N,ND2,82,I,O,5.88088989865
27,N,ND2,84,N,N,5.68510940968
27,N,ND2,84,N,HN,4.90586852657
27,N,ND2,84,N,CA,5.75224078077
27,N,ND2,84,N,CB,4.63282753834
27,N,ND2,84,N,CG,4.82651364859
27,N,ND2,84,N,OD1,5.9453217743
27,N,ND2,84,N,ND2,4.08598739597
27,N,ND2,84,N,HD21,3.26281442929
27,N,ND2,84,N,HD22,4.61668084234
27,N,ND2,84,N,O,5.83175668217
27,N,HD21,82,I,CA,5.73356267952
27,N,HD21,82,I,CB,4.44235748224
27,N,HD21,82,I,CG1,4.72640042739
27,N,HD21,82,I,CG2,3.24382320727
27,N,HD21,82,I,CD1,4.1966631983
27,N,HD21,84,N,HN,5.49240976257
27,N,HD21,84,N,CB,5.39843847793
27,N,HD21,84,N,CG,5.39217219681
27,N,HD21,84,N,ND2,4.52821245085
27,N,HD21,84,N,HD21,3.78691998859
27,N,HD21,84,N,HD22,4.88534983394
27,N,HD22,82,I,CA,5.59959364597
27,N,HD22,82,I,CB,4.51229586796
27,N,HD22,82,I,CG1,5.3028679976
27,N,HD22,82,I,CG2,3.23200758044
27,N,HD22,82,I,CD1,5.05745924353
27,N,HD22,82,I,C,5.51983849401
27,N,HD22,82,I,O,5.30667739739
27,N,HD22,84,N,N,5.25034627429
27,N,HD22,84,N,HN,4.45309341919
27,N,HD22,84,N,CA,5.40836176675
27,N,HD22,84,N,CB,4.48116257237
27,N,HD22,84,N,CG,4.936651598
27,N,HD22,84,N,ND2,4.43899020048
27,N,HD22,84,N,HD21,3.65903716844
27,N,HD22,84,N,HD22,5.09487085214
27,N,HD22,84,N,C,5.74882057469
27,N,HD22,84,N,O,5.18704588374
27,N,HD22,85,N,HD21,5.98379319496
27,N,C,84,N,CB,5.52775587377
27,N,C,84,N,CG,4.66185928574
27,N,C,84,N,OD1,5.3590548607
27,N,C,84,N,ND2,3.40225410574
27,N,C,84,N,HD21,3.14998317456
27,N,C,84,N,HD22,3.03598913042
27,N,C,102,Y,OH,4.97147975959
27,N,C,102,Y,HH,4.46411514188
27,N,C,104,A,CB,5.47539496292
27,N,C,126,R,HH12,5.74842395792
27,N,O,82,I,CG2,5.69129352608
27,N,O,84,N,CB,5.19005539469
27,N,O,84,N,CG,4.05755714686
27,N,O,84,N,OD1,4.53653292725
27,N,O,84,N,ND2,2.8545894626
27,N,O,84,N,HD21,2.96290904349
27,N,O,84,N,HD22,2.19317441167
27,N,O,102,Y,CE2,5.29488706206
27,N,O,102,Y,CZ,5.26609618218
27,N,O,102,Y,OH,4.2357560128
27,N,O,102,Y,HH,3.56719525678
27,N,O,104,A,CA,5.5147732501
27,N,O,104,A,CB,4.41749453876
27,N,O,106,G,HN,5.56466539875
27,N,O,126,R,CB,5.99691162183
27,N,O,126,R,CD,5.65079366107
27,N,O,126,R,HH12,5.37558945605
28,
28,K,N,84,N,CG,5.98183491915
28,K,HN,84,N,ND2,5.30572502114
28,K,HN,84,N,HD21,4.87216799792
28,K,HN,84,N,HD22,5.02643939583
28,K,HN,102,Y,OH,5.81294727311
28,K,HN,102,Y,HH,5.57979381339
28,K,HN,126,R,HH12,5.99704802382
28,K,CA,84,N,ND2,5.57559306263
28,K,CA,84,N,HD21,5.49569003857
28,K,CA,84,N,HD22,4.94469220478
28,K,CA,102,Y,CE2,5.98211083147
28,K,CA,102,Y,CZ,5.37833301312
28,K,CA,102,Y,OH,4.06889739364
28,K,CA,102,Y,HH,3.9135647433
28,K,CA,126,R,CD,5.39660096728
28,K,CA,126,R,NE,5.75089393051
28,K,CA,126,R,CZ,5.46901462788
28,K,CA,126,R,NH1,4.72712872683
28,K,CA,126,R,HH11,4.86370404116
28,K,CA,126,R,HH12,4.30916987365
28,K,CB,102,Y,CZ,5.82895093477
28,K,CB,102,Y,OH,4.60880819735
28,K,CB,102,Y,HH,4.75660572257
28,K,CB,126,R,CZ,5.82454890957
28,K,CB,126,R,NH1,5.16198382407
28,K,CB,126,R,HH11,5.0715427633
28,K,CB,126,R,HH12,5.03594142142
28,K,CG,102,Y,CZ,5.5146976345
28,K,CG,102,Y,OH,4.5322043202
28,K,CG,102,Y,HH,4.85410125564
28,K,CD,102,Y,OH,5.68695797417
28,K,C,84,N,HD22,5.38692296214
28,K,C,102,Y,OH,4.65133034733
28,K,C,102,Y,HH,4.37920232462
28,K,C,126,R,CG,5.83935415949
28,K,C,126,R,CD,4.51096907549
28,K,C,126,R,NE,4.85824875855
28,K,C,126,R,HE,5.73166825628
28,K,C,126,R,CZ,4.44725409663
28,K,C,126,R,NH1,3.48672826587
28,K,C,126,R,HH11,3.5989683244
28,K,C,126,R,HH12,2.97753942039
28,K,C,126,R,NH2,5.37676501253
28,K,C,126,R,HH21,5.45512868776
28,K,C,128,E,OE2,5.40346823809
28,K,O,84,N,HD22,5.29057548855
28,K,O,102,Y,CZ,5.59733847467
28,K,O,102,Y,OH,4.25108409703
28,K,O,102,Y,HH,3.87797305303
28,K,O,126,R,CB,4.96756399053
28,K,O,126,R,CG,4.63076462369
28,K,O,126,R,CD,3.30149117824
28,K,O,126,R,NE,3.7835606246
28,K,O,126,R,HE,4.67890254226
28,K,O,126,R,CZ,3.56935974651
28,K,O,126,R,NH1,2.71786533883
28,K,O,126,R,HH11,3.15370432983
28,K,O,126,R,HH12,2.02838088139
28,K,O,126,R,NH2,4.67361380518
28,K,O,126,R,HH21,4.94464973481
28,K,O,126,R,HH22,5.4927241875
28,K,O,128,E,CD,5.6033687189
28,K,O,128,E,OE2,4.4401661005
29,
29,S,N,102,Y,OH,5.95135959256
29,S,HN,126,R,CZ,5.824341422
29,S,HN,126,R,NH1,4.68020106406
29,S,HN,126,R,HH11,4.35694950625
29,S,HN,126,R,HH12,4.34534981331
29,S,CA,126,R,CD,5.31093908833
29,S,CA,126,R,NE,5.47439284305
29,S,CA,126,R,CZ,4.69699936129
29,S,CA,126,R,NH1,3.38439388961
29,S,CA,126,R,HH11,3.00938349168
29,S,CA,126,R,HH12,3.00579889547
29,S,CA,126,R,NH2,5.48163533993
29,S,CA,126,R,HH21,5.26571960894
29,S,CA,128,E,CD,5.60128994072
29,S,CA,128,E,OE1,5.54227913407
29,S,CA,128,E,OE2,4.84575412088
29,S,CB,126,R,CZ,5.79771342859
29,S,CB,126,R,NH1,4.50742609479
29,S,CB,126,R,HH11,3.84986350407
29,S,CB,126,R,HH12,4.34755851024
29,S,CB,126,R,HH21,5.90800211577
29,S,OG,126,R,NH1,4.90856944537
29,S,OG,126,R,HH11,4.1332133988
29,S,OG,126,R,HH12,4.95225372936
29,S,OG,126,R,HH21,5.86683637065
29,S,HG,126,R,NH1,5.07256552447
29,S,HG,126,R,HH11,4.16811828047
29,S,HG,126,R,HH12,5.28921185055
29,S,HG,126,R,HH21,5.64172367278
29,S,C,126,R,CD,5.25202294359
29,S,C,126,R,NE,5.74749388864
29,S,C,126,R,CZ,5.22786093924
29,S,C,126,R,NH1,3.95023910669
29,S,C,126,R,HH11,3.85981683503
29,S,C,126,R,HH12,3.25307639013
29,S,C,128,E,CB,5.96465229498
29,S,C,128,E,CG,5.82538015927
29,S,C,128,E,CD,4.54697767753
29,S,C,128,E,OE1,4.5633604942
29,S,C,128,E,OE2,3.91099961647
29,S,C,129,W,HE1,5.74650545984
29,S,O,126,R,CD,5.24220468887
29,S,O,126,R,NE,5.71523411594
29,S,O,126,R,CZ,5.22108350824
29,S,O,126,R,NH1,4.01321641579
29,S,O,126,R,HH11,3.95418575689
29,S,O,126,R,HH12,3.36254799222
29,S,O,128,E,CB,5.17618894555
29,S,O,128,E,CG,4.9203157419
29,S,O,128,E,CD,3.58197640975
29,S,O,128,E,OE1,3.41561853842
29,S,O,128,E,OE2,3.19229588228
29,S,O,129,W,NE1,5.94172718997
29,S,O,129,W,HE1,5.08981276669
29,S,O,150,H,CD2,5.43336829232
29,S,O,152,Y,CD1,5.86609682839
29,S,O,174,N,HD21,5.81409434048
30,
30,N,N,84,N,HD22,5.68509815219
30,N,HN,84,N,ND2,5.6020336486
30,N,HN,84,N,HD21,5.5365601234
30,N,HN,84,N,HD22,5.29154174131
30,N,HN,126,R,NH1,5.17835601325
30,N,HN,126,R,HH11,5.18722931824
30,N,HN,126,R,HH12,4.39662575164
30,N,HN,128,E,CD,5.99601184122
30,N,HN,128,E,OE2,5.23631397072
30,N,CA,84,N,ND2,5.74705185291
30,N,CA,84,N,HD21,5.88510237804
30,N,CA,84,N,HD22,5.54539069859
30,N,CA,106,G,CA,5.90234648254
30,N,CA,126,R,NH1,5.93189522834
30,N,CA,126,R,HH12,5.00200159936
30,N,CA,128,E,CB,5.08568510626
30,N,CA,128,E,CG,5.58302838968
30,N,CA,128,E,CD,4.82275626587
30,N,CA,128,E,OE1,5.15286104994
30,N,CA,128,E,OE2,4.3671585728
30,N,CA,129,W,CD1,5.11529608136
30,N,CA,129,W,NE1,5.07509852121
30,N,CA,129,W,HE1,4.42661100618
30,N,CB,84,N,CG,5.84828564624
30,N,CB,84,N,OD1,5.76076054007
30,N,CB,84,N,ND2,5.58775912151
30,N,CB,84,N,HD21,5.97553972458
30,N,CB,84,N,HD22,5.26037289553
30,N,CB,106,G,N,5.63111587521
30,N,CB,106,G,HN,5.46759051137
30,N,CB,106,G,CA,4.83094949259
30,N,CB,106,G,C,5.55170244159
30,N,CB,107,G,N,5.95452718526
30,N,CB,107,G,HN,5.77978243535
30,N,CB,126,R,CB,5.35924677543
30,N,CB,126,R,CD,5.37913282974
30,N,CB,126,R,NH1,5.66540289829
30,N,CB,126,R,HH12,4.65694288133
30,N,CB,128,E,N,5.19208224126
30,N,CB,128,E,HN,4.62560104203
30,N,CB,128,E,CA,4.95522027765
30,N,CB,128,E,CB,3.81144985537
30,N,CB,128,E,CG,4.32433775277
30,N,CB,128,E,CD,3.77973557276
30,N,CB,128,E,OE1,4.4189220405
30,N,CB,128,E,OE2,3.28613161635
30,N,CB,128,E,C,5.30125824687
30,N,CB,128,E,O,5.09369227575
30,N,CB,129,W,CG,5.94903605637
30,N,CB,129,W,CD1,4.68513425635
30,N,CB,129,W,NE1,4.96573136607
30,N,CB,129,W,HE1,4.47890410703
30,N,CG,84,N,CB,5.44418570587
30,N,CG,84,N,CG,4.44283074177
30,N,CG,84,N,OD1,4.27101276046
30,N,CG,84,N,ND2,4.26693402808
30,N,CG,84,N,HD21,4.79856864075
30,N,CG,84,N,HD22,3.92069190322
30,N,CG,102,Y,HH,5.98514101755
30,N,CG,105,L,N,5.9229824413
30,N,CG,105,L,HN,5.52050667964
30,N,CG,105,L,C,5.5991683311
30,N,CG,106,G,N,4.34683217988
30,N,CG,106,G,HN,4.04822776039
30,N,CG,106,G,CA,3.79779264837
30,N,CG,106,G,C,4.64720195386
30,N,CG,106,G,O,5.07216166935
30,N,CG,107,G,N,5.3426173361
30,N,CG,107,G,HN,5.31950608609
30,N,CG,126,R,CA,5.80350678469
30,N,CG,126,R,CB,4.8083641709
30,N,CG,126,R,CG,5.72818653677
30,N,CG,126,R,CD,5.28502469247
30,N,CG,126,R,HH12,5.09836395327
30,N,CG,126,R,C,5.45356433904
30,N,CG,126,R,O,5.02973080791
30,N,CG,128,E,N,5.04828763047
30,N,CG,128,E,HN,4.37169818263
30,N,CG,128,E,CA,5.1788448519
30,N,CG,128,E,CB,4.39064209427
30,N,CG,128,E,CG,4.98378219829
30,N,CG,128,E,CD,4.69548389413
30,N,CG,128,E,OE1,5.57228911669
30,N,CG,128,E,OE2,4.00909628221
30,N,CG,128,E,C,5.43098269193
30,N,CG,128,E,O,4.93790816034
30,N,CG,129,W,CD1,5.41916792506
30,N,CG,129,W,NE1,5.98370102863
30,N,CG,129,W,HE1,5.6654749139
30,N,OD1,84,N,CB,5.7045395958
30,N,OD1,84,N,CG,4.50177753782
30,N,OD1,84,N,OD1,4.03903651878
30,N,OD1,84,N,ND2,4.4143232777
30,N,OD1,84,N,HD21,5.13017553306
30,N,OD1,84,N,HD22,3.8964343957
30,N,OD1,102,Y,HH,5.43589118728
30,N,OD1,104,A,CA,5.41019361946
30,N,OD1,104,A,CB,5.3930318931
30,N,OD1,104,A,C,5.53656834149
30,N,OD1,105,L,N,5.03528618849
30,N,OD1,105,L,HN,4.50482230504
30,N,OD1,105,L,CA,5.6737002917
30,N,OD1,105,L,C,4.94843207491
30,N,OD1,105,L,O,5.69618117689
30,N,OD1,106,G,N,3.81430019794
30,N,OD1,106,G,HN,3.50654787505
30,N,OD1,106,G,CA,3.53656910013
30,N,OD1,106,G,C,4.71096317116
30,N,OD1,106,G,O,5.22249308281
30,N,OD1,107,G,N,5.49521227979
30,N,OD1,107,G,HN,5.39517052557
30,N,OD1,126,R,N,5.70651653813
30,N,OD1,126,R,HN,5.67773775372
30,N,OD1,126,R,CA,4.62567541014
30,N,OD1,126,R,CB,3.70666022182
30,N,OD1,126,R,CG,4.78545912113
30,N,OD1,126,R,CD,4.6093602593
30,N,OD1,126,R,HH12,4.9883954334
30,N,OD1,126,R,C,4.27066341451
30,N,OD1,126,R,O,3.84159680341
30,N,OD1,127,L,N,5.02224760441
30,N,OD1,127,L,HN,5.58945802382
30,N,OD1,127,L,CA,5.43652057846
30,N,OD1,127,L,C,5.37139218453
30,N,OD1,128,E,N,4.39647972815
30,N,OD1,128,E,HN,3.59105959293
30,N,OD1,128,E,CA,4.84755340352
30,N,OD1,128,E,CB,4.25719015314
30,N,OD1,128,E,CG,4.68033449659
30,N,OD1,128,E,CD,4.55987488863
30,N,OD1,128,E,OE1,5.61953076333
30,N,OD1,128,E,OE2,3.77585553219
30,N,OD1,128,E,C,5.29668547301
30,N,OD1,128,E,O,4.82568989886
30,N,ND2,84,N,CA,5.37921871651
30,N,ND2,84,N,CB,4.30040219049
30,N,ND2,84,N,CG,3.48034739645
30,N,ND2,84,N,OD1,3.59875798019
30,N,ND2,84,N,ND2,3.31482080964
30,N,ND2,84,N,HD21,3.720449704
30,N,ND2,84,N,HD22,3.22776114358
30,N,ND2,85,N,HN,5.92719925429
30,N,ND2,85,N,ND2,5.93550233763
30,N,ND2,85,N,HD22,5.41508171683
30,N,ND2,104,A,CB,5.78081153472
30,N,ND2,105,L,N,5.93173161901
30,N,ND2,105,L,HN,5.74035286372
30,N,ND2,105,L,C,5.57748428953
30,N,ND2,106,G,N,4.26077000083
30,N,ND2,106,G,HN,3.84258571798
30,N,ND2,106,G,CA,3.78514913841
30,N,ND2,106,G,C,4.29151966091
30,N,ND2,106,G,O,4.412430736
30,N,ND2,107,G,N,5.11629602349
30,N,ND2,107,G,HN,5.33226012119
30,N,ND2,126,R,CB,5.8525438059
30,N,ND2,126,R,O,5.76265850107
30,N,ND2,128,E,HN,5.43703209481
30,N,ND2,128,E,CB,5.48918090429
30,N,ND2,128,E,CD,5.96779925936
30,N,ND2,128,E,OE2,5.30285300569
30,N,ND2,128,E,O,5.45140092086
30,N,ND2,129,W,CD1,5.80070426759
30,N,HD21,84,N,CA,5.65561897585
30,N,HD21,84,N,CB,4.50116284975
30,N,HD21,84,N,CG,3.95543904011
30,N,HD21,84,N,OD1,4.2876402601
30,N,HD21,84,N,ND2,3.72474280991
30,N,HD21,84,N,HD21,3.89518548981
30,N,HD21,84,N,HD22,3.79357114076
30,N,HD21,85,N,CG,5.95642736882
30,N,HD21,85,N,OD1,5.85664289504
30,N,HD21,85,N,ND2,5.39277813376
30,N,HD21,85,N,HD21,5.83049003086
30,N,HD21,85,N,HD22,4.76493714544
30,N,HD21,106,G,N,5.0338006516
30,N,HD21,106,G,HN,4.66763805366
30,N,HD21,106,G,CA,4.41269736103
30,N,HD21,106,G,C,4.65394338169
30,N,HD21,106,G,O,4.700523056
30,N,HD21,107,G,N,5.33891983457
30,N,HD21,107,G,HN,5.59638365375
30,N,HD21,128,E,CB,5.83460529942
30,N,HD21,128,E,OE2,5.70117619444
30,N,HD21,128,E,O,5.8215784801
30,N,HD21,129,W,CD1,5.60239073968
30,N,HD21,129,W,HE1,5.69689538257
30,N,HD22,84,N,N,5.49287729701
30,N,HD22,84,N,HN,5.65879068353
30,N,HD22,84,N,CA,4.54173975476
30,N,HD22,84,N,CB,3.47730484715
30,N,HD22,84,N,CG,2.52989881221
30,N,HD22,84,N,OD1,2.63949408031
30,N,HD22,84,N,ND2,2.49144957806
30,N,HD22,84,N,HD21,3.04059961192
30,N,HD22,84,N,HD22,2.4760375603
30,N,HD22,84,N,C,5.52409675875
30,N,HD22,85,N,N,5.78989101797
30,N,HD22,85,N,HN,5.36847473683
30,N,HD22,85,N,ND2,5.79248979283
30,N,HD22,85,N,HD22,5.42108236425
30,N,HD22,102,Y,HH,5.99118185336
30,N,HD22,104,A,CA,5.45647083746
30,N,HD22,104,A,CB,4.97082307068
30,N,HD22,104,A,C,5.3271667892
30,N,HD22,104,A,O,5.81013889679
30,N,HD22,105,L,N,5.17834548867
30,N,HD22,105,L,HN,5.09828137709
30,N,HD22,105,L,CA,5.62257183147
30,N,HD22,105,L,C,4.9838937589
30,N,HD22,105,L,O,5.88149717334
30,N,HD22,106,G,N,3.68679522078
30,N,HD22,106,G,HN,3.12277456759
30,N,HD22,106,G,CA,3.50122435728
30,N,HD22,106,G,C,4.01254993738
30,N,HD22,106,G,O,3.95241609652
30,N,HD22,107,G,N,5.03414272742
30,N,HD22,107,G,HN,5.36533838635
30,N,HD22,107,G,CA,5.98223219208
30,N,HD22,126,R,CB,5.87205338872
30,N,HD22,126,R,O,5.48141852078
30,N,HD22,128,E,HN,5.64647465238
30,N,HD22,128,E,OE2,5.94052051591
30,N,HD22,128,E,O,5.69323686491
30,N,C,126,R,HH12,5.96758384943
30,N,C,128,E,CB,5.10802270942
30,N,C,128,E,CG,5.71756477882
30,N,C,128,E,CD,5.01453676824
30,N,C,128,E,OE1,5.05091734242
30,N,C,128,E,OE2,4.92217197993
30,N,C,129,W,CG,5.62812313298
30,N,C,129,W,CD1,4.3256732424
30,N,C,129,W,NE1,3.94582690953
30,N,C,129,W,HE1,3.18246916717
30,N,C,129,W,CE2,5.15083866958
30,N,C,129,W,CZ2,5.78042152442
30,N,C,152,Y,CD1,5.84034451039
30,N,C,152,Y,CE1,5.79630865293
30,N,O,107,G,HN,5.94535255473
30,N,O,128,E,CA,5.77660280788
30,N,O,128,E,CB,4.6674753347
30,N,O,128,E,CG,5.54256231359
30,N,O,128,E,CD,5.14302294376
30,N,O,128,E,OE1,5.2144418685
30,N,O,128,E,OE2,5.26874263938
30,N,O,128,E,C,5.59957310873
30,N,O,128,E,O,5.52381978345
30,N,O,129,W,CB,5.52971256034
30,N,O,129,W,CG,4.43422349459
30,N,O,129,W,CD1,3.16690179829
30,N,O,129,W,CD2,4.87418054651
30,N,O,129,W,NE1,2.82009148788
30,N,O,129,W,HE1,2.19335131705
30,N,O,129,W,CE2,4.03156408854
30,N,O,129,W,CZ2,4.79328415598
30,N,O,152,Y,CD1,5.31917493602
30,N,O,152,Y,CE1,5.22197338178
31,
31,M,N,128,E,CD,5.58337487547
31,M,HN,126,R,HH12,5.631389349
31,M,HN,128,E,CD,5.80018085925
31,M,HN,128,E,OE1,5.56710220851
31,M,HN,128,E,OE2,5.57470411771
31,M,HN,129,W,NE1,5.53250856303
31,M,HN,129,W,HE1,4.62777884087
31,M,CA,128,E,OE1,5.83033352391
31,M,CA,129,W,CD1,5.28493197686
31,M,CA,129,W,NE1,4.28929702865
31,M,CA,129,W,HE1,3.38132592336
31,M,CA,129,W,CE2,5.04840925441
31,M,CA,129,W,CZ2,5.06055155097
31,M,CA,152,Y,CD1,5.79576906027
31,M,CA,152,Y,CE1,5.24082140509
31,M,CA,152,Y,CZ,5.93586211093
31,M,CA,152,Y,OH,5.90630451298
31,M,CA,152,Y,HH,5.9702859228
31,M,CB,129,W,NE1,5.52901700124
31,M,CB,129,W,HE1,4.59428786647
31,M,CB,129,W,CZ2,5.96117756823
31,M,CB,152,Y,CE1,5.62137180766
31,M,CB,152,Y,OH,5.88118669998
31,M,CG,128,E,CD,5.91712709007
31,M,CG,128,E,OE1,5.07340812472
31,M,CG,129,W,NE1,5.813609378
31,M,CG,129,W,HE1,4.85497312042
31,M,CG,152,Y,CD1,5.56663902189
31,M,CG,152,Y,CE1,5.12560337912
31,M,CG,152,Y,CZ,5.42102149046
31,M,CG,152,Y,OH,5.51715633275
31,M,CG,152,Y,HH,5.98250089845
31,M,SD,128,E,CD,5.58301173203
31,M,SD,128,E,OE1,4.57047010711
31,M,SD,129,W,NE1,5.12867517006
31,M,SD,129,W,HE1,4.28655071124
31,M,SD,129,W,CE2,5.65397594618
31,M,SD,129,W,CZ2,5.3915057266
31,M,SD,152,Y,CB,5.79465149944
31,M,SD,152,Y,CG,4.72535607124
31,M,SD,152,Y,CD1,4.11216475837
31,M,SD,152,Y,CD2,4.79531907176
31,M,SD,152,Y,CE1,3.53472049814
31,M,SD,152,Y,CE2,4.31261996935
31,M,SD,152,Y,CZ,3.65366158805
31,M,SD,152,Y,OH,3.83045180103
31,M,SD,152,Y,HH,4.39663348484
31,M,SD,174,N,HD22,5.25861093826
31,M,CE,128,E,CG,5.94615867599
31,M,CE,128,E,CD,4.93911925347
31,M,CE,128,E,OE1,3.74780389028
31,M,CE,128,E,OE2,5.58482954082
31,M,CE,129,W,HE1,5.41018872129
31,M,CE,152,Y,CB,5.00037408601
31,M,CE,152,Y,CG,4.2154910746
31,M,CE,152,Y,CD1,4.11290165212
31,M,CE,152,Y,CD2,4.20206972812
31,M,CE,152,Y,CE1,4.02139353956
31,M,CE,152,Y,CE2,4.11298334546
31,M,CE,152,Y,CZ,4.02068451884
31,M,CE,152,Y,OH,4.5983620997
31,M,CE,152,Y,HH,5.34869002654
31,M,CE,174,N,CG,5.68287576848
31,M,CE,174,N,OD1,5.96972336042
31,M,CE,174,N,ND2,4.5150408636
31,M,CE,174,N,HD21,4.67627725867
31,M,CE,174,N,HD22,3.69990621503
31,M,C,129,W,CD1,5.60344126408
31,M,C,129,W,NE1,4.60807085449
31,M,C,129,W,HE1,3.89343177672
31,M,C,129,W,CE2,5.12369651716
31,M,C,129,W,CZ2,5.00423740444
31,M,O,129,W,NE1,5.63994937921
31,M,O,129,W,HE1,4.95746174973
31,M,O,129,W,CE2,5.96976867224
31,M,O,129,W,CZ2,5.6061287891
32,
32,C,N,85,N,HD22,5.90240467945
32,C,HN,85,N,HD22,5.5622104419
32,C,HN,129,W,CG,5.06530453181
32,C,HN,129,W,CD1,4.11040496788
32,C,HN,129,W,CD2,5.11586141329
32,C,HN,129,W,NE1,3.47058928714
32,C,HN,129,W,HE1,2.98579972537
32,C,HN,129,W,CE2,4.19147050568
32,C,HN,129,W,CZ2,4.57398677305
32,C,HN,129,W,CH2,5.71941579184
32,C,CA,85,N,HD22,5.39276969655
32,C,CA,129,W,CD1,5.73571277175
32,C,CA,129,W,NE1,5.03995734109
32,C,CA,129,W,HE1,4.73436099173
32,C,CA,129,W,CE2,5.29726240619
32,C,CA,129,W,CZ2,5.30230600777
32,C,C,85,N,OD1,5.48340578473
32,C,C,85,N,ND2,5.72086156099
32,C,C,85,N,HD22,4.86616080704
32,C,C,129,W,CG,5.53206616012
32,C,C,129,W,CD1,5.16650181457
32,C,C,129,W,CD2,5.29332239713
32,C,C,129,W,NE1,4.69141833564
32,C,C,129,W,HE1,4.68709355571
32,C,C,129,W,CE2,4.76388675348
32,C,C,129,W,CE3,5.91263604495
32,C,C,129,W,CZ2,4.92859503307
32,C,C,129,W,CH2,5.56480970025
32,C,O,85,N,CG,5.06210558957
32,C,O,85,N,OD1,4.4056547754
32,C,O,85,N,ND2,4.82119590973
32,C,O,85,N,HD21,5.67070172025
32,C,O,85,N,HD22,3.98280177764
32,C,O,107,G,CA,5.6757602134
32,C,O,129,W,CB,5.73169085
32,C,O,129,W,CG,4.96513735963
32,C,O,129,W,CD1,4.60949346458
32,C,O,129,W,CD2,5.02388982761
32,C,O,129,W,NE1,4.45414290296
32,C,O,129,W,HE1,4.55614958051
32,C,O,129,W,CE2,4.71392214615
32,C,O,129,W,CE3,5.7702415894
32,C,O,129,W,CZ2,5.21251302157
32,C,O,129,W,CH2,5.90462920089
32,C,CB,85,N,ND2,5.57622641219
32,C,CB,85,N,HD22,4.66327127669
32,C,CB,129,W,HE1,5.91072702804
32,C,SG,85,N,HD22,5.98837991447
33,
33,E,N,85,N,HD22,5.76255802574
33,E,HN,129,W,CD2,5.88082859808
33,E,HN,129,W,NE1,5.68123375685
33,E,HN,129,W,HE1,5.72241863201
33,E,HN,129,W,CE2,5.31166245162
33,E,HN,129,W,CZ2,4.97089167052
33,E,HN,129,W,CZ3,5.79149557541
33,E,HN,129,W,CH2,5.22723732004
33,E,CA,85,N,OD1,5.69329649676
33,E,CA,85,N,HD22,5.96050576713
33,E,CA,129,W,CG,5.65814722325
33,E,CA,129,W,CD1,5.87634759013
33,E,CA,129,W,CD2,5.12466252547
33,E,CA,129,W,NE1,5.55982715559
33,E,CA,129,W,HE1,5.92591781921
33,E,CA,129,W,CE2,5.07790064889
33,E,CA,129,W,CE3,5.17306688532
33,E,CA,129,W,CZ2,5.09808248266
33,E,CA,129,W,CZ3,5.16760873132
33,E,CA,129,W,CH2,5.13044803112
33,E,CB,129,W,CB,5.26851269335
33,E,CB,129,W,CG,4.55589431396
33,E,CB,129,W,CD1,5.0096530818
33,E,CB,129,W,CD2,3.82632290849
33,E,CB,129,W,NE1,4.71738773051
33,E,CB,129,W,HE1,5.26747463212
33,E,CB,129,W,CE2,3.97764478052
33,E,CB,129,W,CE3,3.68419516313
33,E,CB,129,W,CZ2,4.02052658243
33,E,CB,129,W,CZ3,3.69585132277
33,E,CB,129,W,CH2,3.86582229286
33,E,CG,129,W,CB,5.15532831156
33,E,CG,129,W,CG,4.82558069045
33,E,CG,129,W,CD1,5.61895257143
33,E,CG,129,W,CD2,4.15794504533
33,E,CG,129,W,NE1,5.59507667508
33,E,CG,129,W,CE2,4.75438345109
33,E,CG,129,W,CE3,3.63950298805
33,E,CG,129,W,CZ2,4.91730352937
33,E,CG,129,W,CZ3,3.81633869042
33,E,CG,129,W,CH2,4.4699809843
33,E,CD,85,N,OD1,5.31877673906
33,E,CD,107,G,CA,5.5254997964
33,E,CD,129,W,CB,5.3868307937
33,E,CD,129,W,CG,5.37505506949
33,E,CD,129,W,CD2,5.07460353131
33,E,CD,129,W,CE2,5.78022663916
33,E,CD,129,W,CE3,4.74577433092
33,E,CD,129,W,CZ3,5.18809126751
33,E,CD,129,W,CH2,5.88282194189
33,E,OE1,85,N,CG,5.43443566527
33,E,OE1,85,N,OD1,4.29558354592
33,E,OE1,85,N,HD22,5.88190836379
33,E,OE1,107,G,N,5.42536312149
33,E,OE1,107,G,HN,5.64270272121
33,E,OE1,107,G,CA,4.30681134948
33,E,OE1,107,G,C,5.07126690286
33,E,OE1,107,G,O,5.37496139521
33,E,OE1,108,N,N,5.82475493047
33,E,OE1,108,N,HN,5.86860911971
33,E,OE1,129,W,CB,4.68925047316
33,E,OE1,129,W,CG,4.84643219286
33,E,OE1,129,W,CD1,5.56383482861
33,E,OE1,129,W,CD2,4.87869500994
33,E,OE1,129,W,CE2,5.64264051664
33,E,OE1,129,W,CE3,4.83495542896
33,E,OE1,129,W,CZ3,5.55086038376
33,E,OE1,129,W,O,5.8773807942
33,E,OE2,85,N,OD1,5.76702774399
33,E,OE2,129,W,CE3,5.82632620096
33,E,C,129,W,CZ3,5.89249785745
33,E,C,129,W,CH2,5.88307929574
33,E,O,129,W,CZ3,5.9782976674
33,E,O,129,W,CH2,5.78317058369
34,
34,S,HN,85,N,OD1,5.55900359777
36,
36,K,N,129,W,CE3,5.64286717901
36,K,HN,129,W,CE3,5.22510947254
36,K,HN,129,W,CZ3,4.72019766535
36,K,HN,129,W,CH2,5.20086021731
36,K,CA,129,W,CE3,5.52457473476
36,K,CA,129,W,CZ3,4.57184918824
36,K,CA,129,W,CH2,4.89301297771
36,K,CB,129,W,CD2,5.79569849112
36,K,CB,129,W,CE3,4.58246265669
36,K,CB,129,W,CZ2,5.4412520618
36,K,CB,129,W,CZ3,3.58711429982
36,K,CB,129,W,CH2,4.14669096992
36,K,CB,153,E,CD,5.70629774898
36,K,CB,153,E,OE1,5.93403185027
36,K,CB,153,E,OE2,5.19181991213
36,K,CG,129,W,CE3,5.3156504776
36,K,CG,129,W,CZ3,4.51044310462
36,K,CG,129,W,CH2,5.31630002916
36,K,CG,153,E,CD,5.94481740678
36,K,CG,153,E,OE1,5.89914417522
36,K,CG,153,E,OE2,5.46233558105
36,K,CD,129,W,CE3,5.32783295534
36,K,CD,129,W,CZ3,4.52071421348
36,K,CD,129,W,CH2,5.35012205468
36,K,CD,153,E,CD,4.9652196326
36,K,CD,153,E,OE1,4.83438082902
36,K,CD,153,E,OE2,4.42978441913
36,K,CE,129,W,CD2,5.56237341429
36,K,CE,129,W,CE3,4.20683931236
36,K,CE,129,W,CZ2,5.91388746934
36,K,CE,129,W,CZ3,3.63613338589
36,K,CE,129,W,CH2,4.67197377989
36,K,CE,153,E,CB,5.65817567773
36,K,CE,153,E,CG,4.98744914761
36,K,CE,153,E,CD,3.76306430984
36,K,CE,153,E,OE1,3.46855863436
36,K,CE,153,E,OE2,3.54264096403
36,K,NZ,129,W,CD2,5.99596355893
36,K,NZ,129,W,CE3,4.78022740045
36,K,NZ,129,W,CZ3,4.24719825297
36,K,NZ,129,W,CH2,5.11565968376
36,K,NZ,153,E,CA,5.62410063921
36,K,NZ,153,E,CB,5.11110526207
36,K,NZ,153,E,CG,4.4001184075
36,K,NZ,153,E,CD,2.95431921092
36,K,NZ,153,E,OE1,2.55356730869
36,K,NZ,153,E,OE2,2.71122961034
36,K,NZ,153,E,C,5.95540577963
36,K,NZ,177,H,CD2,5.96983441981
36,K,HZ1,129,W,CE3,5.02694201279
36,K,HZ1,129,W,CZ3,4.26724466137
36,K,HZ1,129,W,CH2,4.87002566728
36,K,HZ1,152,Y,HH,5.97867025349
36,K,HZ1,153,E,CA,5.70196106616
36,K,HZ1,153,E,CB,5.17500695652
36,K,HZ1,153,E,CG,4.1988948546
36,K,HZ1,153,E,CD,2.75128660812
36,K,HZ1,153,E,OE1,2.76934974317
36,K,HZ1,153,E,OE2,2.09040426712
36,K,HZ1,177,H,CB,5.6755734512
36,K,HZ1,177,H,CG,5.82897117852
36,K,HZ1,177,H,CD2,5.12403386015
36,K,HZ2,129,W,CD2,5.4532501318
36,K,HZ2,129,W,CE3,4.34667804191
36,K,HZ2,129,W,CZ2,5.96617247488
36,K,HZ2,129,W,CZ3,4.05790450849
36,K,HZ2,129,W,CH2,4.97742262622
36,K,HZ2,153,E,CA,4.64196617825
36,K,HZ2,153,E,CB,4.18804047258
36,K,HZ2,153,E,CG,3.67359796385
36,K,HZ2,153,E,CD,2.27719608291
36,K,HZ2,153,E,OE1,1.58135890929
36,K,HZ2,153,E,OE2,2.48062613064
36,K,HZ2,153,E,C,4.91115098526
36,K,HZ2,153,E,O,5.04844708797
36,K,HZ2,154,N,N,5.50146607733
36,K,HZ2,154,N,HN,5.68228800748
36,K,HZ2,154,N,O,5.86532326475
36,K,HZ2,177,H,CB,5.65986519274
36,K,HZ2,177,H,CD2,5.78947571029
36,K,HZ2,177,H,O,5.53290529469
36,K,HZ3,129,W,CE3,5.72325152339
36,K,HZ3,129,W,CZ3,5.25392548482
36,K,HZ3,153,E,CB,5.85628354846
36,K,HZ3,153,E,CG,5.24587990713
36,K,HZ3,153,E,CD,3.76196624121
36,K,HZ3,153,E,OE1,3.17786941204
36,K,HZ3,153,E,OE2,3.53051356038
36,K,C,129,W,CE3,5.59624382957
36,K,C,129,W,CZ2,5.38849969843
36,K,C,129,W,CZ3,4.52611378558
36,K,C,129,W,CH2,4.40760195571
36,K,O,129,W,CD2,5.4365360295
36,K,O,129,W,CE2,5.17518743622
36,K,O,129,W,CE3,4.75919541519
36,K,O,129,W,CZ2,4.19639905157
36,K,O,129,W,CZ3,3.64622242876
36,K,O,129,W,CH2,3.29517419873
36,K,O,152,Y,HH,5.92517755008
36,K,O,153,E,OE2,5.97914383503
37,
37,E,N,129,W,CZ3,5.79850954988
37,E,CA,129,W,CH2,5.80853466892
37,E,C,129,W,CH2,5.76479687413
38,
38,A,N,129,W,CZ2,5.3488961478
38,A,HN,129,W,CE2,5.76889460816
38,A,HN,129,W,CZ2,4.51345865163
38,A,HN,129,W,CZ3,5.07656557133
38,A,HN,129,W,CH2,4.08582537561
38,A,HN,152,Y,OH,5.9769582565
38,A,HN,152,Y,HH,5.30888962025
38,A,CA,129,W,CZ2,5.67924378769
38,A,CA,129,W,CH2,5.21487334458
38,A,CA,152,Y,OH,5.73461376206
38,A,CA,152,Y,HH,5.23620778808
38,A,CA,177,H,HE2,5.72264187242
38,A,CB,129,W,CZ2,4.69990499904
38,A,CB,129,W,CZ3,5.69147169017
38,A,CB,129,W,CH2,4.46517244908
38,A,CB,152,Y,CZ,5.57421868965
38,A,CB,152,Y,OH,4.24727983538
38,A,CB,152,Y,HH,3.81548437292
38,A,CB,177,H,CD2,5.80828253445
38,A,CB,177,H,NE2,5.41621648386
38,A,CB,177,H,HE2,4.70082003484
39,
39,L,HN,177,H,HE2,5.48814914156
39,L,O,177,H,HE2,5.62142339626
41,
41,E,N,276,S,CB,5.73020497016
41,E,HN,276,S,O,5.11002495102
41,E,CA,276,S,CA,4.9827712169
41,E,CA,276,S,CB,4.32163869383
41,E,CA,276,S,OG,5.5068807868
41,E,CA,276,S,HG,5.47856860868
41,E,CA,276,S,C,4.85213623057
41,E,CA,276,S,O,4.20468821674
41,E,CA,277,A,N,5.88303238135
41,E,CB,201,Y,OH,5.77024869481
41,E,CB,224,Y,CE2,5.32552823671
41,E,CB,224,Y,CZ,5.72801126046
41,E,CB,224,Y,OH,5.50466583909
41,E,CB,248,H,CE1,5.86620226382
41,E,CB,276,S,N,5.605521742
41,E,CB,276,S,CA,4.1845012845
41,E,CB,276,S,CB,3.81767429203
41,E,CB,276,S,OG,5.05506617167
41,E,CB,276,S,HG,5.04880441293
41,E,CB,276,S,C,4.27451915424
41,E,CB,276,S,O,3.61908565801
41,E,CB,277,A,N,5.50037871423
41,E,CG,201,Y,CE1,5.08930702552
41,E,CG,201,Y,CZ,5.48951810271
41,E,CG,201,Y,OH,4.87847701645
41,E,CG,201,Y,HH,5.40942270487
41,E,CG,224,Y,CD2,5.32447950508
41,E,CG,224,Y,CE1,5.9687543089
41,E,CG,224,Y,CE2,4.38087993444
41,E,CG,224,Y,CZ,4.78152998527
41,E,CG,224,Y,OH,4.40847275142
41,E,CG,224,Y,HH,5.23121142758
41,E,CG,276,S,CA,5.29080343615
41,E,CG,276,S,CB,4.98102670139
41,E,CG,276,S,HG,5.90721981985
41,E,CG,276,S,C,5.56569097238
41,E,CG,276,S,O,4.89308542742
41,E,CD,201,Y,CE1,5.70528114995
41,E,CD,201,Y,OH,5.8746372654
41,E,CD,224,Y,CE2,4.95776905473
41,E,CD,224,Y,CZ,4.99118663246
41,E,CD,224,Y,OH,4.20895390804
41,E,CD,224,Y,HH,4.87717889768
41,E,CD,276,S,O,5.38064215498
41,E,OE1,224,Y,OH,5.16878989706
41,E,OE1,224,Y,HH,5.80264353549
41,E,OE1,276,S,O,5.04534379403
41,E,OE2,177,H,CE1,5.55770645141
41,E,OE2,177,H,NE2,5.98025367355
41,E,OE2,177,H,HE2,5.58465164536
41,E,OE2,201,Y,CD1,5.86243985044
41,E,OE2,201,Y,CE1,5.21051657708
41,E,OE2,201,Y,CZ,5.94988033493
41,E,OE2,201,Y,OH,5.83230288994
41,E,OE2,224,Y,CD2,5.91121738731
41,E,OE2,224,Y,CE1,5.72943810509
41,E,OE2,224,Y,CE2,4.61205550704
41,E,OE2,224,Y,CZ,4.50153596009
41,E,OE2,224,Y,OH,3.51442242765
41,E,OE2,224,Y,HH,4.01045882662
41,E,C,276,S,N,5.89956964532
41,E,C,276,S,CA,4.53216603844
41,E,C,276,S,CB,3.90704607088
41,E,C,276,S,OG,5.1250890724
41,E,C,276,S,HG,5.30862581089
41,E,C,276,S,C,4.0791236804
41,E,C,276,S,O,3.51651148157
41,E,C,277,A,N,4.86819206688
41,E,C,277,A,HN,5.52662410518
41,E,C,277,A,CA,5.19448659638
41,E,C,277,A,CB,5.99937038363
41,E,O,276,S,N,5.28631185232
41,E,O,276,S,HN,5.47008692801
41,E,O,276,S,CA,4.06375368348
41,E,O,276,S,CB,3.1859067783
41,E,O,276,S,OG,4.23428258386
41,E,O,276,S,HG,4.44847333363
41,E,O,276,S,C,3.76208944604
41,E,O,276,S,O,3.57924880387
41,E,O,277,A,N,4.38565627928
41,E,O,277,A,HN,4.87582167434
41,E,O,277,A,CA,4.86846875311
41,E,O,277,A,CB,5.47018592006
42,
42,N,N,276,S,CA,5.18580610899
42,N,HN,276,S,CA,5.77097435447
42,N,HN,276,S,CB,5.55140675865
42,N,HN,276,S,C,4.94179704156
42,N,HN,276,S,O,3.98536259329
42,N,HN,277,A,N,5.65980017315
42,N,HN,277,A,CA,5.55582442127
42,N,CA,276,S,CA,5.48205563635
42,N,CA,276,S,CB,5.27096404845
42,N,CA,276,S,C,4.39147549236
42,N,CA,276,S,O,3.76652784405
42,N,CA,277,A,N,4.63008866006
42,N,CA,277,A,HN,5.40500388529
42,N,CA,277,A,CA,4.24118591906
42,N,CA,277,A,CB,4.781540965
42,N,CA,277,A,C,5.27732896454
42,N,CA,277,A,O,5.53217036976
42,N,CB,276,S,CA,5.98471127123
42,N,CB,276,S,C,4.65477582704
42,N,CB,276,S,O,3.85235239821
42,N,CB,277,A,N,4.78088088118
42,N,CB,277,A,HN,5.66290702731
42,N,CB,277,A,CA,4.03122177509
42,N,CB,277,A,CB,4.69406018283
42,N,CB,277,A,C,4.67509978503
42,N,CB,277,A,O,4.63770266404
42,N,CB,278,G,N,5.70334480809
42,N,CB,278,G,HN,5.98306994778
42,N,CG,276,S,C,5.36643401152
42,N,CG,276,S,O,4.78827536802
42,N,CG,277,A,N,5.11420159947
42,N,CG,277,A,HN,5.89759357704
42,N,CG,277,A,CA,4.02494782575
42,N,CG,277,A,CB,4.26430451539
42,N,CG,277,A,C,4.58034387355
42,N,CG,277,A,O,4.2613176366
42,N,CG,278,G,N,5.80621374047
42,N,OD1,276,S,C,5.2291140741
42,N,OD1,276,S,O,4.92821803495
42,N,OD1,277,A,N,4.72180198653
42,N,OD1,277,A,HN,5.36057664809
42,N,OD1,277,A,CA,3.58986420356
42,N,OD1,277,A,CB,3.42218950381
42,N,OD1,277,A,C,4.3581374462
42,N,OD1,277,A,O,4.1319167465
42,N,OD1,278,G,N,5.64159073312
42,N,ND2,276,S,O,5.81436548559
42,N,ND2,277,A,CA,5.03215361451
42,N,ND2,277,A,CB,5.25339718658
42,N,ND2,277,A,C,5.27956522831
42,N,ND2,277,A,O,4.67961141549
42,N,HD21,276,S,O,5.9585372366
42,N,HD21,277,A,CA,5.56905503654
42,N,HD21,277,A,CB,5.99213718134
42,N,HD21,277,A,C,5.70844733706
42,N,HD21,277,A,O,5.10525973874
42,N,HD22,277,A,CA,5.40568672788
42,N,HD22,277,A,CB,5.39313072343
42,N,HD22,277,A,C,5.58855258542
42,N,HD22,277,A,O,4.85865434045
42,N,C,276,S,C,5.7803430694
42,N,C,276,S,O,5.26026244592
42,N,C,277,A,N,5.89469948343
42,N,C,277,A,CA,5.43210778612
42,N,C,277,A,CB,5.64321619292
43,
43,N,N,276,S,O,5.79510638384
43,N,HN,276,S,CB,5.80397682628
43,N,HN,276,S,C,5.447623335
43,N,HN,276,S,O,5.35792021217
43,N,HN,277,A,N,5.23440044322
43,N,HN,277,A,HN,5.66245476803
43,N,HN,277,A,CA,4.86218356297
43,N,HN,277,A,CB,4.62398302333
132,
132,K,CG,277,A,O,5.35260366551
132,K,CD,277,A,CB,5.93471296694
132,K,CD,277,A,C,5.96764585075
132,K,CD,277,A,O,4.87508328134
132,K,CD,279,S,OG,5.54283122601
132,K,CD,279,S,HG,5.45914920111
132,K,CE,277,A,CA,4.88788747825
132,K,CE,277,A,CB,4.51134192896
132,K,CE,277,A,C,4.48761952487
132,K,CE,277,A,O,3.44176132235
132,K,CE,278,G,N,5.63185306982
132,K,CE,278,G,CA,5.95980964461
132,K,CE,279,S,N,5.78233395784
132,K,CE,279,S,HN,5.47885508113
132,K,CE,279,S,CB,5.96642849618
132,K,CE,279,S,OG,4.61868314566
132,K,CE,279,S,HG,4.66891336394
132,K,NZ,277,A,CA,4.67739810151
132,K,NZ,277,A,CB,4.73517782137
132,K,NZ,277,A,C,3.88454038465
132,K,NZ,277,A,O,2.67392969242
132,K,NZ,278,G,N,4.8679965078
132,K,NZ,278,G,HN,5.7795371787
132,K,NZ,278,G,CA,4.9437364412
132,K,NZ,278,G,C,5.18340245399
132,K,NZ,278,G,O,5.78440965009
132,K,NZ,279,S,N,5.20273591488
132,K,NZ,279,S,HN,5.03734235485
132,K,NZ,279,S,CA,5.93445304978
132,K,NZ,279,S,CB,5.93746124198
132,K,NZ,279,S,OG,4.75045103122
132,K,NZ,279,S,HG,5.08617193968
132,K,HZ1,277,A,CA,4.93332149773
132,K,HZ1,277,A,CB,5.19816381042
132,K,HZ1,277,A,C,4.20955959692
132,K,HZ1,277,A,O,3.04230406107
132,K,HZ1,278,G,N,5.2037117522
132,K,HZ1,278,G,CA,5.2963982101
132,K,HZ1,278,G,C,5.77435442279
132,K,HZ1,279,S,N,5.94231562608
132,K,HZ1,279,S,HN,5.74600957187
132,K,HZ1,279,S,OG,5.71336774591
132,K,HZ2,275,N,OD1,5.89432379497
132,K,HZ2,276,S,C,5.8884158311
132,K,HZ2,276,S,O,5.67507127709
132,K,HZ2,277,A,N,5.15550434002
132,K,HZ2,277,A,HN,5.70384195083
132,K,HZ2,277,A,CA,3.8054237609
132,K,HZ2,277,A,CB,3.99337326079
132,K,HZ2,277,A,C,2.87681716485
132,K,HZ2,277,A,O,1.65727819029
132,K,HZ2,278,G,N,3.83000535248
132,K,HZ2,278,G,HN,4.74348869504
132,K,HZ2,278,G,CA,3.96466152401
132,K,HZ2,278,G,C,4.26636308816
132,K,HZ2,278,G,O,4.98499428285
132,K,HZ2,279,S,N,4.28502485407
132,K,HZ2,279,S,HN,4.07196770616
132,K,HZ2,279,S,CA,5.15468000947
132,K,HZ2,279,S,CB,5.2517205752
132,K,HZ2,279,S,OG,4.13271412028
132,K,HZ2,279,S,HG,4.60339983056
132,K,HZ3,277,A,CA,5.49265445846
132,K,HZ3,277,A,CB,5.53441460319
132,K,HZ3,277,A,C,4.52051612098
132,K,HZ3,277,A,O,3.29851633314
132,K,HZ3,278,G,N,5.32403549951
132,K,HZ3,278,G,CA,5.13248458351
132,K,HZ3,278,G,C,5.16448342044
132,K,HZ3,278,G,O,5.55697120741
132,K,HZ3,279,S,N,5.26958262104
132,K,HZ3,279,S,HN,5.29199281935
132,K,HZ3,279,S,CA,5.84253737686
132,K,HZ3,279,S,CB,5.94751107607
132,K,HZ3,279,S,OG,4.87378343795
132,K,HZ3,279,S,HG,5.24180894349
132,K,O,277,A,O,5.20358318853
135,
135,A,CA,274,R,NH1,5.97739859805
135,A,CB,274,R,NH1,5.49111209137
135,A,CB,274,R,HH11,4.54446850578
135,A,CB,274,R,HH12,5.73097810151
135,A,CB,274,R,HH21,5.93690567552
135,A,CB,278,G,O,5.87234825262
135,A,C,244,Y,HH,5.79582996645
135,A,C,274,R,NH1,5.31340926336
135,A,C,274,R,HH11,4.50756453087
135,A,C,274,R,HH12,5.38754638031
135,A,C,278,G,C,5.9948234336
135,A,C,278,G,O,5.39612990948
135,A,O,244,Y,CE2,5.45264220356
135,A,O,244,Y,CZ,5.78288180754
135,A,O,244,Y,OH,5.52687660438
135,A,O,244,Y,HH,5.44061062749
135,A,O,274,R,CZ,5.29876797001
135,A,O,274,R,NH1,4.12159423039
135,A,O,274,R,HH11,3.38320631945
135,A,O,274,R,HH12,4.16691744579
135,A,O,274,R,NH2,5.69331590552
135,A,O,274,R,HH21,5.18792964486
135,A,O,278,G,CA,5.20575777385
135,A,O,278,G,C,4.99863791447
135,A,O,278,G,O,4.27876676158
136,
136,Q,N,274,R,HH11,5.6152341002
136,Q,CA,274,R,HH11,5.87668282282
136,Q,CA,278,G,CA,5.66949609754
136,Q,CA,278,G,O,5.86277417269
136,Q,CB,277,A,O,5.51459817212
136,Q,CB,278,G,CA,5.61127178098
136,Q,CG,277,A,C,5.46142408168
136,Q,CG,277,A,O,4.51518825743
136,Q,CG,278,G,N,5.82035677601
136,Q,CG,278,G,CA,5.23958290325
136,Q,CG,278,G,C,5.89313142565
136,Q,CD,277,A,C,5.4851731969
136,Q,CD,277,A,O,4.54658608189
136,Q,CD,278,G,CA,5.86825774826
136,Q,OE1,277,A,CA,5.56217223753
136,Q,OE1,277,A,C,4.84960462306
136,Q,OE1,277,A,O,3.86220312775
136,Q,OE1,278,G,N,5.68967424375
136,Q,OE1,278,G,CA,5.70652635147
136,Q,NE2,277,A,O,5.72776754067
136,Q,C,244,Y,HH,5.98522338764
137,
137,N,N,244,Y,HH,5.96957402165
137,N,HN,220,D,OD2,5.79072663834
137,N,HN,246,W,CZ2,5.0029204471
137,N,HN,246,W,CZ3,5.87418785876
137,N,HN,246,W,CH2,4.75214456851
137,N,HN,278,G,CA,5.82786015618
137,N,CA,220,D,OD2,5.40131733932
137,N,CA,222,R,NH2,5.81586837884
137,N,CA,222,R,HH21,5.84512489174
137,N,CA,222,R,HH22,5.42274072771
137,N,CA,246,W,CH2,5.93800774671
137,N,CB,220,D,CG,5.11650144141
137,N,CB,220,D,OD1,5.86837975935
137,N,CB,220,D,OD2,3.86596973604
137,N,CB,222,R,NE,5.59649819083
137,N,CB,222,R,HE,5.21052521345
137,N,CB,222,R,CZ,5.34031338032
137,N,CB,222,R,NH2,4.51654668967
137,N,CB,222,R,HH21,4.68290892502
137,N,CB,222,R,HH22,3.99055384627
137,N,CB,244,Y,CG,5.7043924304
137,N,CB,244,Y,CD1,5.3328829914
137,N,CB,244,Y,CE1,5.44204281497
137,N,CB,244,Y,CZ,5.89905763661
137,N,CB,244,Y,HH,5.94385270679
137,N,CB,246,W,CZ2,5.77238720115
137,N,CB,246,W,CZ3,5.52590571762
137,N,CB,246,W,CH2,4.93842009149
137,N,CG,220,D,CB,5.7861715322
137,N,CG,220,D,CG,4.67551932944
137,N,CG,220,D,OD1,5.20752887654
137,N,CG,220,D,OD2,3.48901476065
137,N,CG,222,R,CD,5.44651539978
137,N,CG,222,R,NE,4.37699097554
137,N,CG,222,R,HE,4.1378493206
137,N,CG,222,R,CZ,4.17176281684
137,N,CG,222,R,NH1,5.0115240197
137,N,CG,222,R,HH11,5.69554220422
137,N,CG,222,R,HH12,5.25563526132
137,N,CG,222,R,NH2,3.62569138234
137,N,CG,222,R,HH21,3.94260649824
137,N,CG,222,R,HH22,3.29836656544
137,N,CG,246,W,CE3,5.98538637015
137,N,CG,246,W,CZ2,5.16883449145
137,N,CG,246,W,CZ3,4.90245122362
137,N,CG,246,W,CH2,4.42793823353
137,N,OD1,172,Y,OH,5.51151939124
137,N,OD1,220,D,CB,5.91743736764
137,N,OD1,220,D,CG,4.90954264672
137,N,OD1,220,D,OD1,5.44827027597
137,N,OD1,220,D,OD2,3.81537337622
137,N,OD1,222,R,CD,5.14283423804
137,N,OD1,222,R,NE,4.07359521799
137,N,OD1,222,R,HE,4.09946886804
137,N,OD1,222,R,CZ,3.55026998973
137,N,OD1,222,R,NH1,4.15376299276
137,N,OD1,222,R,HH11,4.88800521685
137,N,OD1,222,R,HH12,4.24372501465
137,N,OD1,222,R,NH2,3.03229517033
137,N,OD1,222,R,HH21,3.1434557417
137,N,OD1,222,R,HH22,3.06176125784
137,N,OD1,246,W,CZ3,5.64889351997
137,N,OD1,246,W,CH2,5.36010923396
137,N,ND2,220,D,CB,5.89728013579
137,N,ND2,220,D,CG,4.5691893154
137,N,ND2,220,D,OD1,4.81604495411
137,N,ND2,220,D,OD2,3.52148235833
137,N,ND2,222,R,CG,5.56045267941
137,N,ND2,222,R,CD,4.95791427921
137,N,ND2,222,R,NE,4.11018880345
137,N,ND2,222,R,HE,3.76302285404
137,N,ND2,222,R,CZ,4.30702716499
137,N,ND2,222,R,NH1,5.22621708313
137,N,ND2,222,R,HH11,5.72385298553
137,N,ND2,222,R,HH12,5.70043594824
137,N,ND2,222,R,NH2,4.08060461206
137,N,ND2,222,R,HH21,4.66035964277
137,N,ND2,222,R,HH22,3.67825230238
137,N,ND2,244,Y,CB,5.76543580313
137,N,ND2,244,Y,CG,5.82216497533
137,N,ND2,244,Y,CD1,5.98117187514
137,N,ND2,246,W,CD2,5.33821430817
137,N,ND2,246,W,NE1,5.94232892055
137,N,ND2,246,W,CE2,4.88578489088
137,N,ND2,246,W,CE3,4.88934944548
137,N,ND2,246,W,CZ2,3.88403218318
137,N,ND2,246,W,CZ3,3.86484540441
137,N,ND2,246,W,CH2,3.26101962582
137,N,HD21,220,D,CG,4.73910392374
137,N,HD21,220,D,OD1,4.96879240862
137,N,HD21,220,D,OD2,3.7186273005
137,N,HD21,222,R,CG,5.95513870535
137,N,HD21,222,R,CD,5.57038625232
137,N,HD21,222,R,NE,4.75577596192
137,N,HD21,222,R,HE,4.24818384725
137,N,HD21,222,R,CZ,5.09188432704
137,N,HD21,222,R,NH2,4.81342383341
137,N,HD21,222,R,HH21,5.4313063806
137,N,HD21,222,R,HH22,4.2492400497
137,N,HD21,244,Y,CB,5.18341537984
137,N,HD21,244,Y,CG,5.1261016377
137,N,HD21,244,Y,CD1,5.39394642168
137,N,HD21,244,Y,CD2,5.38261962245
137,N,HD21,244,Y,CE1,5.88373359356
137,N,HD21,244,Y,CE2,5.86898193897
137,N,HD21,246,W,CD2,5.07041152176
137,N,HD21,246,W,NE1,5.57286030688
137,N,HD21,246,W,HE1,5.79630037179
137,N,HD21,246,W,CE2,4.48075138788
137,N,HD21,246,W,CE3,4.66397888074
137,N,HD21,246,W,CZ2,3.30362755165
137,N,HD21,246,W,CZ3,3.52244872212
137,N,HD21,246,W,CH2,2.66493226931
137,N,HD22,220,D,CG,4.64735365558
137,N,HD22,220,D,OD1,4.68366843404
137,N,HD22,220,D,OD2,3.76326679894
137,N,HD22,222,R,CG,4.85127210121
137,N,HD22,222,R,CD,4.19607971802
137,N,HD22,222,R,NE,3.55224140508
137,N,HD22,222,R,HE,3.35110817492
137,N,HD22,222,R,CZ,3.87488064332
137,N,HD22,222,R,NH1,4.69284838877
137,N,HD22,222,R,HH11,5.04653049134
137,N,HD22,222,R,HH12,5.27126028574
137,N,HD22,222,R,NH2,3.95302782687
137,N,HD22,222,R,HH21,4.61557309551
137,N,HD22,222,R,HH22,3.72746817559
137,N,HD22,246,W,CD2,4.90746482412
137,N,HD22,246,W,NE1,5.52090155681
137,N,HD22,246,W,HE1,5.83559731304
137,N,HD22,246,W,CE2,4.54403180006
137,N,HD22,246,W,CE3,4.55634689197
137,N,HD22,246,W,CZ2,3.77526912948
137,N,HD22,246,W,CZ3,3.76286127834
137,N,HD22,246,W,CH2,3.31543873416
137,N,C,222,R,NH2,5.853113445
137,N,C,222,R,HH21,5.70831437466
137,N,C,222,R,HH22,5.73223978912
138,
138,Q,N,222,R,NH2,5.54446913599
138,Q,HN,220,D,OD2,5.74099486152
138,Q,HN,222,R,NH2,5.23186028101
138,Q,HN,222,R,HH21,4.80992702647
138,Q,HN,222,R,HH22,5.14805380702
138,Q,CA,222,R,HH21,5.57396672039
138,Q,CB,172,Y,CE1,5.91127194434
138,Q,CB,222,R,HH21,5.28820432661
138,Q,CG,222,R,HH21,5.89305201063
138,Q,C,222,R,HH12,5.8496476817
138,Q,C,222,R,NH2,5.98215964347
138,Q,C,222,R,HH21,5.54555010797
139,
139,W,N,172,Y,OH,5.26191429045
139,W,HN,172,Y,CE1,5.75244617532
139,W,HN,172,Y,CZ,5.84928140886
139,W,HN,172,Y,OH,4.95703520262
139,W,HN,172,Y,HH,5.57644949766
139,W,HN,220,D,OD2,5.51552463506
139,W,HN,222,R,NE,5.2516509785
139,W,HN,222,R,HE,5.5514399033
139,W,HN,222,R,CZ,4.42346074923
139,W,HN,222,R,NH1,4.48971146066
139,W,HN,222,R,HH11,5.1708994382
139,W,HN,222,R,HH12,4.21495551578
139,W,HN,222,R,NH2,4.02581792932
139,W,HN,222,R,HH21,3.71387318039
139,W,HN,222,R,HH22,4.42930987853
139,W,CA,172,Y,OH,5.14370654295
139,W,CA,172,Y,HH,5.45756502481
139,W,CA,198,D,OD2,5.98011404574
139,W,CA,222,R,NE,5.78438458265
139,W,CA,222,R,CZ,5.10506826595
139,W,CA,222,R,NH1,4.75180260533
139,W,CA,222,R,HH11,5.03887804972
139,W,CA,222,R,HH12,4.54759551851
139,W,CA,222,R,NH2,5.23574837058
139,W,CA,222,R,HH21,5.05470760777
139,W,CA,222,R,HH22,5.83418451885
139,W,CB,172,Y,CZ,5.81270582431
139,W,CB,172,Y,OH,4.53410299839
139,W,CB,172,Y,HH,4.72530940786
139,W,CB,198,D,CG,5.8670715864
139,W,CB,198,D,OD2,4.62717203052
139,W,CB,222,R,CD,4.69588564597
139,W,CB,222,R,NE,4.37811763204
139,W,CB,222,R,HE,4.98745155365
139,W,CB,222,R,CZ,3.82522901275
139,W,CB,222,R,NH1,3.47612499775
139,W,CB,222,R,HH11,3.6549824897
139,W,CB,222,R,HH12,3.52460238892
139,W,CB,222,R,NH2,4.23364972571
139,W,CB,222,R,HH21,4.27736764845
139,W,CB,222,R,HH22,4.87933581546
139,W,CB,224,Y,OH,5.81014999806
139,W,CB,224,Y,HH,5.49983181561
139,W,CG,172,Y,OH,4.79789307926
139,W,CG,172,Y,HH,4.68110019119
139,W,CG,198,D,CG,5.07960677612
139,W,CG,198,D,OD1,5.70232733189
139,W,CG,198,D,OD2,3.88139188952
139,W,CG,200,S,OG,5.73865219368
139,W,CG,200,S,HG,5.36662286732
139,W,CG,222,R,CG,5.86584162759
139,W,CG,222,R,CD,4.51560228541
139,W,CG,222,R,NE,4.66451690961
139,W,CG,222,R,HE,5.42105866045
139,W,CG,222,R,CZ,4.31715427104
139,W,CG,222,R,NH1,3.68793424562
139,W,CG,222,R,HH11,3.42657773879
139,W,CG,222,R,HH12,3.87989303976
139,W,CG,222,R,NH2,5.08492418823
139,W,CG,222,R,HH21,5.23278109613
139,W,CG,222,R,HH22,5.80578005095
139,W,CG,224,Y,CZ,5.84577197639
139,W,CG,224,Y,OH,4.63929143297
139,W,CG,224,Y,HH,4.24843029836
139,W,CD1,172,Y,HH,5.8653963208
139,W,CD1,198,D,CG,5.49220811696
139,W,CD1,198,D,OD1,5.84055117262
139,W,CD1,198,D,OD2,4.38859453584
139,W,CD1,200,S,OG,5.31861090887
139,W,CD1,200,S,HG,5.15525440691
139,W,CD1,222,R,CG,5.87938100483
139,W,CD1,222,R,CD,4.74911960262
139,W,CD1,222,R,NE,5.19140530107
139,W,CD1,222,R,HE,5.87530748132
139,W,CD1,222,R,CZ,5.1651046456
139,W,CD1,222,R,NH1,4.67835505279
139,W,CD1,222,R,HH11,4.23738716664
139,W,CD1,222,R,HH12,5.05731954695
139,W,CD1,224,Y,CE1,5.29918559781
139,W,CD1,224,Y,CE2,5.89476793436
139,W,CD1,224,Y,CZ,4.82322060453
139,W,CD1,224,Y,OH,3.54979943095
139,W,CD1,224,Y,HH,3.35197747606
139,W,CD2,152,Y,CE2,5.99098531128
139,W,CD2,172,Y,CZ,5.57247835348
139,W,CD2,172,Y,OH,4.21420099188
139,W,CD2,172,Y,HH,3.8492694112
139,W,CD2,174,N,CG,5.92330397667
139,W,CD2,174,N,OD1,5.78588160957
139,W,CD2,174,N,ND2,5.45261414369
139,W,CD2,174,N,HD21,5.92226561377
139,W,CD2,174,N,HD22,4.87793901151
139,W,CD2,176,A,CB,5.73786911667
139,W,CD2,198,D,CB,5.16271488657
139,W,CD2,198,D,CG,4.2090365881
139,W,CD2,198,D,OD1,4.84963761533
139,W,CD2,198,D,OD2,3.13169139604
139,W,CD2,200,S,OG,4.97633449438
139,W,CD2,200,S,HG,4.54984142581
139,W,CD2,222,R,CD,4.75012168265
139,W,CD2,222,R,NE,5.06264022028
139,W,CD2,222,R,HE,5.95839483418
139,W,CD2,222,R,CZ,4.60253288962
139,W,CD2,222,R,NH1,3.61549706126
139,W,CD2,222,R,HH11,3.12908596878
139,W,CD2,222,R,HH12,3.67197194978
139,W,CD2,222,R,NH2,5.49352400559
139,W,CD2,222,R,HH21,5.5412935313
139,W,CD2,224,Y,OH,4.83267058675
139,W,CD2,224,Y,HH,4.20692857082
139,W,NE1,152,Y,CE2,5.86068093313
139,W,NE1,172,Y,HH,5.97086903223
139,W,NE1,176,A,CB,5.90965515068
139,W,NE1,177,H,CE1,5.60105891774
139,W,NE1,198,D,CG,5.04411052615
139,W,NE1,198,D,OD1,5.17883259046
139,W,NE1,198,D,OD2,4.13207417649
139,W,NE1,200,S,CB,5.1133664058
139,W,NE1,200,S,OG,4.2287493423
139,W,NE1,200,S,HG,4.21223278084
139,W,NE1,222,R,CD,5.10477247289
139,W,NE1,222,R,NE,5.82474514464
139,W,NE1,222,R,CZ,5.84652127337
139,W,NE1,222,R,NH1,5.16387461118
139,W,NE1,222,R,HH11,4.48518773297
139,W,NE1,222,R,HH12,5.54706535026
139,W,NE1,224,Y,CE1,5.00662371264
139,W,NE1,224,Y,CE2,5.27971268158
139,W,NE1,224,Y,CZ,4.32691391179
139,W,NE1,224,Y,OH,2.97942628706
139,W,NE1,224,Y,HH,2.60458787527
139,W,HE1,152,Y,CE2,5.80344604524
139,W,HE1,176,A,CB,5.97532133027
139,W,HE1,177,H,ND1,5.70176341144
139,W,HE1,177,H,CE1,5.00258992923
139,W,HE1,177,H,NE2,5.90697308272
139,W,HE1,177,H,HE2,5.94245513235
139,W,HE1,198,D,CG,5.53263174267
139,W,HE1,198,D,OD1,5.45339582279
139,W,HE1,198,D,OD2,4.75761305699
139,W,HE1,200,S,CB,4.77812274853
139,W,HE1,200,S,OG,4.03120106172
139,W,HE1,200,S,HG,4.23645417773
139,W,HE1,201,Y,CD1,5.84927499781
139,W,HE1,201,Y,CE1,5.79493209624
139,W,HE1,222,R,CD,5.61122170298
139,W,HE1,222,R,HH11,5.27366684575
139,W,HE1,224,Y,CD2,5.91161856009
139,W,HE1,224,Y,CE1,4.68879259511
139,W,HE1,224,Y,CE2,4.5560659565
139,W,HE1,224,Y,CZ,3.78435212421
139,W,HE1,224,Y,OH,2.42484886127
139,W,HE1,224,Y,HH,2.22893719068
139,W,CE2,152,Y,CD2,5.34046084154
139,W,CE2,152,Y,CE2,5.08624674981
139,W,CE2,152,Y,CZ,5.95062568139
139,W,CE2,172,Y,OH,5.40362739278
139,W,CE2,172,Y,HH,4.87668658005
139,W,CE2,174,N,OD1,5.73611689211
139,W,CE2,174,N,ND2,5.73600156904
139,W,CE2,174,N,HD22,5.01928540731
139,W,CE2,176,A,CB,4.95305733865
139,W,CE2,177,H,ND1,5.76591675278
139,W,CE2,177,H,CE1,5.47844813793
139,W,CE2,198,D,CB,5.40358270039
139,W,CE2,198,D,CG,4.21579387542
139,W,CE2,198,D,OD1,4.49652777151
139,W,CE2,198,D,OD2,3.35911000118
139,W,CE2,200,S,HN,5.79519343939
139,W,CE2,200,S,CB,5.09359607743
139,W,CE2,200,S,OG,3.93805459586
139,W,CE2,200,S,HG,3.73828597087
139,W,CE2,222,R,CD,5.11334127553
139,W,CE2,222,R,NE,5.76941461502
139,W,CE2,222,R,CZ,5.56921484592
139,W,CE2,222,R,NH1,4.62828650799
139,W,CE2,222,R,HH11,3.89978717368
139,W,CE2,222,R,HH12,4.85215838571
139,W,CE2,224,Y,CE1,5.69019279111
139,W,CE2,224,Y,CZ,5.16090970663
139,W,CE2,224,Y,OH,3.91580719648
139,W,CE2,224,Y,HH,3.25817295428
139,W,CE3,150,H,HE2,5.81812985417
139,W,CE3,152,Y,CD2,5.68293674081
139,W,CE3,152,Y,CE2,5.93476756074
139,W,CE3,172,Y,CE1,5.49570577815
139,W,CE3,172,Y,CE2,4.9115876252
139,W,CE3,172,Y,CZ,4.41429428108
139,W,CE3,172,Y,OH,3.13076108958
139,W,CE3,172,Y,HH,2.65810947856
139,W,CE3,174,N,CB,5.77823208257
139,W,CE3,174,N,CG,4.73187182836
139,W,CE3,174,N,OD1,4.77857918214
139,W,CE3,174,N,ND2,4.24202286651
139,W,CE3,174,N,HD21,4.64328450561
139,W,CE3,174,N,HD22,3.80962255348
139,W,CE3,176,A,CB,5.48893805758
139,W,CE3,198,D,CB,4.54679381543
139,W,CE3,198,D,CG,3.96635374116
139,W,CE3,198,D,OD1,4.81942589942
139,W,CE3,198,D,OD2,3.04810268856
139,W,CE3,200,S,OG,5.44566010691
139,W,CE3,200,S,HG,4.87509794773
139,W,CE3,222,R,CD,5.20757419534
139,W,CE3,222,R,NE,5.35390707801
139,W,CE3,222,R,CZ,4.62655357691
139,W,CE3,222,R,NH1,3.41344840301
139,W,CE3,222,R,HH11,3.04781003345
139,W,CE3,222,R,HH12,3.13921980753
139,W,CE3,222,R,NH2,5.40793389383
139,W,CE3,222,R,HH21,5.25190146518
139,W,CE3,224,Y,HH,5.28704804215
139,W,CZ2,152,Y,CB,5.92117311012
139,W,CZ2,152,Y,CG,5.22497550233
139,W,CZ2,152,Y,CD2,4.08947991803
139,W,CZ2,152,Y,CE1,5.94808002636
139,W,CZ2,152,Y,CE2,3.94124827942
139,W,CZ2,152,Y,CZ,4.98631988545
139,W,CZ2,152,Y,OH,5.42346088766
139,W,CZ2,172,Y,OH,5.74717156521
139,W,CZ2,172,Y,HH,5.03684206622
139,W,CZ2,174,N,CG,5.2649720797
139,W,CZ2,174,N,OD1,4.72239970778
139,W,CZ2,174,N,ND2,4.99429214204
139,W,CZ2,174,N,HD21,5.76422371183
139,W,CZ2,174,N,HD22,4.2245529941
139,W,CZ2,176,A,N,5.8715476665
139,W,CZ2,176,A,HN,5.50800780682
139,W,CZ2,176,A,CA,5.20618996964
139,W,CZ2,176,A,CB,3.70955482504
139,W,CZ2,176,A,C,5.75001165216
139,W,CZ2,177,H,HN,5.92001891889
139,W,CZ2,177,H,CG,5.75445097294
139,W,CZ2,177,H,ND1,4.61806994317
139,W,CZ2,177,H,CE1,4.55871889899
139,W,CZ2,177,H,NE2,5.63387921418
139,W,CZ2,198,D,CB,5.1139419238
139,W,CZ2,198,D,CG,4.01419257136
139,W,CZ2,198,D,OD1,4.10772321365
139,W,CZ2,198,D,OD2,3.52647387627
139,W,CZ2,200,S,N,5.85000700854
139,W,CZ2,200,S,HN,5.16604694133
139,W,CZ2,200,S,CA,5.77951944369
139,W,CZ2,200,S,CB,4.70153645099
139,W,CZ2,200,S,OG,3.35720270463
139,W,CZ2,200,S,HG,3.23690407643
139,W,CZ2,200,S,O,5.83183101607
139,W,CZ2,222,R,CD,5.85248502775
139,W,CZ2,222,R,NH1,5.33725828492
139,W,CZ2,222,R,HH11,4.50147464727
139,W,CZ2,222,R,HH12,5.49309830606
139,W,CZ2,224,Y,CZ,5.58742275114
139,W,CZ2,224,Y,OH,4.47427044332
139,W,CZ2,224,Y,HH,3.69849009732
139,W,CZ3,128,E,OE1,5.60767590005
139,W,CZ3,150,H,CD2,5.8303390982
139,W,CZ3,150,H,HE2,5.70098202067
139,W,CZ3,152,Y,CB,5.30824942895
139,W,CZ3,152,Y,CG,5.15103271199
139,W,CZ3,152,Y,CD2,4.51053533408
139,W,CZ3,152,Y,CE2,4.97091188818
139,W,CZ3,152,Y,CZ,5.93852380647
139,W,CZ3,172,Y,CE1,5.98807590132
139,W,CZ3,172,Y,CE2,4.83690582914
139,W,CZ3,172,Y,CZ,4.72425285098
139,W,CZ3,172,Y,OH,3.6582244327
139,W,CZ3,172,Y,HH,2.90154941368
139,W,CZ3,174,N,CA,5.44488236788
139,W,CZ3,174,N,CB,4.7597253072
139,W,CZ3,174,N,CG,3.54186730412
139,W,CZ3,174,N,OD1,3.47739500201
139,W,CZ3,174,N,ND2,3.14267227054
139,W,CZ3,174,N,HD21,3.74732171024
139,W,CZ3,174,N,HD22,2.64492929962
139,W,CZ3,175,L,HN,5.94853603839
139,W,CZ3,176,A,N,5.75622680234
139,W,CZ3,176,A,HN,5.04748858344
139,W,CZ3,176,A,CA,5.69094131054
139,W,CZ3,176,A,CB,4.38154470478
139,W,CZ3,198,D,CA,5.6853771203
139,W,CZ3,198,D,CB,4.1744241519
139,W,CZ3,198,D,CG,3.7215858179
139,W,CZ3,198,D,OD1,4.43475647584
139,W,CZ3,198,D,OD2,3.19304008744
139,W,CZ3,200,S,HN,5.91601605813
139,W,CZ3,200,S,OG,5.01932993536
139,W,CZ3,200,S,HG,4.47720750022
139,W,CZ3,222,R,CD,5.90897706883
139,W,CZ3,222,R,CZ,5.58565528833
139,W,CZ3,222,R,NH1,4.29292499352
139,W,CZ3,222,R,HH11,3.75077392014
139,W,CZ3,222,R,HH12,4.02561423885
139,W,CZ3,224,Y,HH,5.54296400854
139,W,CH2,128,E,OE1,5.87059136715
139,W,CH2,152,Y,CA,5.95097714665
139,W,CH2,152,Y,CB,4.91686871901
139,W,CH2,152,Y,CG,4.50017888533
139,W,CH2,152,Y,CD1,5.48111129243
139,W,CH2,152,Y,CD2,3.56426640418
139,W,CH2,152,Y,CE1,5.69350937472
139,W,CH2,152,Y,CE2,3.87528540884
139,W,CH2,152,Y,CZ,4.98644251947
139,W,CH2,152,Y,OH,5.73622218886
139,W,CH2,172,Y,OH,4.98696420681
139,W,CH2,172,Y,HH,4.18085122912
139,W,CH2,174,N,CA,5.88500654205
139,W,CH2,174,N,CB,5.31083373869
139,W,CH2,174,N,CG,3.90542571303
139,W,CH2,174,N,OD1,3.44915264956
139,W,CH2,174,N,ND2,3.65743229602
139,W,CH2,174,N,HD21,4.45867401814
139,W,CH2,174,N,HD22,2.94948283602
139,W,CH2,175,L,HN,5.91960615244
139,W,CH2,176,A,N,5.10507600335
139,W,CH2,176,A,HN,4.5665035859
139,W,CH2,176,A,CA,4.7428140381
139,W,CH2,176,A,CB,3.33873329273
139,W,CH2,176,A,C,5.36989096724
139,W,CH2,176,A,O,5.68576696673
139,W,CH2,177,H,N,5.9723637699
139,W,CH2,177,H,HN,5.982780708
139,W,CH2,177,H,ND1,5.07292864133
139,W,CH2,177,H,CE1,5.31251174116
139,W,CH2,198,D,CA,5.88467373777
139,W,CH2,198,D,CB,4.48912296557
139,W,CH2,198,D,CG,3.74687963511
139,W,CH2,198,D,OD1,4.06525509655
139,W,CH2,198,D,OD2,3.42585186487
139,W,CH2,200,S,HN,5.23411367855
139,W,CH2,200,S,CB,5.41645862165
139,W,CH2,200,S,OG,4.01171696409
139,W,CH2,200,S,HG,3.66977288126
139,W,CH2,222,R,NH1,5.16901005996
139,W,CH2,222,R,HH11,4.41191353043
139,W,CH2,222,R,HH12,5.121327367
139,W,CH2,224,Y,OH,5.70406214903
139,W,CH2,224,Y,HH,4.85927587198
139,W,C,222,R,NH1,5.97901505267
139,W,C,222,R,HH12,5.92549390346
140,
140,L,HN,222,R,CZ,5.78456999266
140,L,CB,276,S,O,5.69411441754
140,L,CB,278,G,CA,5.96183277189
140,L,CG,246,W,NE1,5.54921255675
140,L,CG,246,W,HE1,5.26915192417
140,L,CG,246,W,CE2,5.34307486378
140,L,CG,246,W,CZ2,4.75156931971
140,L,CG,246,W,CH2,5.29062983018
140,L,CG,276,S,C,5.84916045258
140,L,CG,276,S,O,4.93611233665
140,L,CG,277,A,C,5.80736893955
140,L,CG,277,A,O,5.94376951101
140,L,CG,278,G,N,5.48428062739
140,L,CG,278,G,HN,5.70129476523
140,L,CG,278,G,CA,5.27920315957
140,L,CD1,246,W,CD1,5.93045816105
140,L,CD1,246,W,CD2,5.70883604599
140,L,CD1,246,W,NE1,4.71693226578
140,L,CD1,246,W,HE1,4.32764208317
140,L,CD1,246,W,CE2,4.51701771084
140,L,CD1,246,W,CZ2,3.77778149183
140,L,CD1,246,W,CZ3,5.67188319696
140,L,CD1,246,W,CH2,4.49346258469
140,L,CD1,275,N,O,5.00995139697
140,L,CD1,276,S,C,5.27758505379
140,L,CD1,276,S,O,4.58673533137
140,L,CD1,277,A,N,5.77745584146
140,L,CD1,277,A,CA,5.66796233227
140,L,CD1,277,A,C,4.7308219159
140,L,CD1,277,A,O,4.88487932297
140,L,CD1,278,G,N,4.23453846363
140,L,CD1,278,G,HN,4.52964479844
140,L,CD1,278,G,CA,3.82972557764
140,L,CD1,278,G,C,5.21133927124
140,L,CD1,278,G,O,5.569493424
140,L,CD2,224,Y,CZ,5.97970208288
140,L,CD2,224,Y,OH,5.30235494851
140,L,CD2,224,Y,HH,5.88142712273
140,L,CD2,246,W,NE1,5.45185344631
140,L,CD2,246,W,HE1,5.11475688572
140,L,CD2,246,W,CE2,5.56483863198
140,L,CD2,246,W,CZ2,5.34152085084
140,L,CD2,275,N,O,5.7139843367
140,L,CD2,276,S,CA,5.60903030835
140,L,CD2,276,S,C,5.02959044058
140,L,CD2,276,S,O,4.02226416338
140,L,CD2,277,A,N,5.97510702833
140,L,CD2,277,A,C,5.7588214072
140,L,CD2,278,G,N,5.52560657304
140,L,CD2,278,G,HN,5.55166479536
140,L,CD2,278,G,CA,5.70249015782
142,
142,D,CG,126,R,HH11,5.86105092965
142,D,OD2,126,R,NH1,5.63855743963
142,D,OD2,126,R,HH11,4.62394128423
142,D,OD2,126,R,HH21,5.64427612719
143,
143,M,SD,152,Y,OH,5.27623862235
143,M,CE,152,Y,CE1,5.50420166782
143,M,CE,152,Y,CE2,5.08447263735
143,M,CE,152,Y,CZ,4.6234655833
143,M,CE,152,Y,OH,3.69828122241
143,M,CE,152,Y,HH,4.27365826898
143,M,CE,177,H,CE1,5.3881059752
143,M,CE,177,H,NE2,5.22000028736
143,M,CE,177,H,HE2,4.76845478116
